Date,Ticker,Close,High,Low,Open,Volume
2024-04-30,HDFCBANK.NS,1499.6219482421875,1518.7606252206858,1494.4920482143123,1508.5993335038902,26153691.0
2024-04-30,INFY.NS,1396.6859130859375,1412.4171255327008,1393.7363107521694,1410.5981080778427,6936588.0
2024-04-30,RELIANCE.NS,1467.0,1483.074951171875,1462.875,1468.0,11474262.0
2024-04-30,TCS.NS,3766.107421875,3826.3352724088404,3755.6095544220216,3816.724460556973,2203078.0
2024-05-02,HDFCBANK.NS,1511.6082763671875,1516.294286687138,1499.8685632699328,1501.4963593609784,16737503.0
2024-05-02,INFY.NS,1390.688232421875,1400.0778474544354,1388.1319345133122,1389.2626393631442,10076354.0
2024-05-02,RELIANCE.NS,1466.550048828125,1477.324951171875,1464.125,1472.0,14512646.0
2024-05-02,TCS.NS,3808.148681640625,3815.8373792012935,3724.115686272238,3724.115686272238,2491044.0
2024-05-03,HDFCBANK.NS,1499.128662109375,1519.8457602997444,1486.8956848070363,1512.5948000182832,15932621.0
2024-05-03,INFY.NS,1392.50732421875,1400.8645309177493,1379.627297878708,1398.2098167780555,8842345.0
2024-05-03,RELIANCE.NS,1434.0,1474.949951171875,1416.1500244140625,1471.0,17226958.0
2024-05-03,TCS.NS,3788.53271484375,3838.016267704584,3743.386733993244,3834.615326312554,2962234.0
2024-05-06,HDFCBANK.NS,1502.1376953125,1513.8280343469207,1496.711788379357,1501.4964276806866,14396698.0
2024-05-06,INFY.NS,1401.9459228515625,1421.4132249874758,1393.2937085558553,1396.1450146319148,6445422.0
2024-05-06,RELIANCE.NS,1419.5250244140625,1440.0,1418.0,1435.5,7394208.0
2024-05-06,TCS.NS,3865.07421875,3883.7043112956317,3797.9956336682126,3797.9956336682126,2053831.0
2024-05-07,HDFCBANK.NS,1485.8599853515625,1503.5188703115905,1483.8869282705728,1501.4470640358736,14240301.0
2024-05-07,INFY.NS,1416.7430419921875,1419.102747744958,1391.8189275239224,1401.0118303332122,6080661.0
2024-05-07,RELIANCE.NS,1401.4749755859375,1420.75,1392.0,1415.9749755859375,14517472.0
2024-05-07,TCS.NS,3922.147705078125,3931.068558237291,3857.6320969562785,3874.6851756935434,2062112.0
2024-05-08,HDFCBANK.NS,1462.676513671875,1476.7837990537682,1460.4074499374806,1475.7972705476566,20843931.0
2024-05-08,INFY.NS,1403.322509765625,1415.5633113681472,1401.65099644159,1411.1389078945185,6234983.0
2024-05-08,RELIANCE.NS,1418.550048828125,1432.949951171875,1397.5,1397.5,9439002.0
2024-05-08,TCS.NS,3920.17578125,3927.4209503307334,3882.373402841356,3904.453528502595,1247685.0
2024-05-09,HDFCBANK.NS,1428.0,1466.7212435233162,1425.8296854760363,1455.0801590835492,23140639.0
2024-05-09,INFY.NS,1415.36669921875,1425.591891086482,1400.913576064049,1403.5682901224832,6088406.0
2024-05-09,RELIANCE.NS,1394.125,1423.75,1390.0,1413.0,11009612.0
2024-05-09,TCS.NS,3903.6650390625,3914.3109088545148,3854.231065297169,3905.439390803724,1726486.0
2024-05-10,HDFCBANK.NS,1437.9000244140625,1451.949951171875,1426.800048828125,1439.0,13638304.0
2024-05-10,INFY.NS,1400.9627685546875,1411.827064798431,1389.2626556602063,1410.9422801417338,8777481.0
2024-05-10,RELIANCE.NS,1407.425048828125,1410.0,1388.074951171875,1396.75,10505096.0
2024-05-10,TCS.NS,3838.3115234375,3916.87393792177,3829.5880083031457,3906.030971277353,1672489.0
2024-05-13,HDFCBANK.NS,1455.25,1459.800048828125,1430.300048828125,1432.0,13523601.0
2024-05-13,INFY.NS,1399.537109375,1401.061118599573,1387.4928997589686,1401.061118599573,3735954.0
2024-05-13,RELIANCE.NS,1402.699951171875,1406.9749755859375,1384.0,1399.9000244140625,8456620.0
2024-05-13,TCS.NS,3891.442138671875,3898.539304951847,3814.7527459326543,3829.045747177105,931326.0
2024-05-14,HDFCBANK.NS,1460.949951171875,1465.5,1450.300048828125,1452.25,12832571.0
2024-05-14,INFY.NS,1400.7659912109375,1409.6640055660362,1394.227802562628,1402.437504415009,3463230.0
2024-05-14,RELIANCE.NS,1420.074951171875,1427.074951171875,1400.0250244140625,1400.9749755859375,7188300.0
2024-05-14,TCS.NS,3845.50732421875,3889.4707212106064,3837.325764965336,3879.8105756097802,1058317.0
2024-05-15,HDFCBANK.NS,1438.5,1459.699951171875,1435.800048828125,1459.699951171875,19465998.0
2024-05-15,INFY.NS,1396.0958251953125,1407.7468498334654,1394.7194401923216,1402.0442376053431,4327544.0
2024-05-15,RELIANCE.NS,1416.2750244140625,1429.9749755859375,1413.0250244140625,1420.5,5046534.0
2024-05-15,TCS.NS,3825.004150390625,3870.889660763131,3820.174197995762,3848.760200251439,1115021.0
2024-05-16,HDFCBANK.NS,1460.25,1462.550048828125,1435.5,1446.050048828125,17472618.0
2024-05-16,INFY.NS,1428.934814453125,1431.2945203040222,1403.0274981788355,1409.8606955195087,9249145.0
2024-05-16,RELIANCE.NS,1425.3499755859375,1427.5,1398.0250244140625,1418.550048828125,14711774.0
2024-05-16,TCS.NS,3873.208984375,3881.698230930955,3816.1675791234497,3863.429176479737,2599399.0
2024-05-17,HDFCBANK.NS,1464.0999755859375,1468.0,1446.199951171875,1446.199951171875,10460095.0
2024-05-17,INFY.NS,1420.0369873046875,1432.5235896666127,1415.0717751734196,1432.5235896666127,7542860.0
2024-05-17,RELIANCE.NS,1435.699951171875,1437.199951171875,1413.25,1423.050048828125,10916476.0
2024-05-17,TCS.NS,3806.83447265625,3892.1235107906195,3802.763532226549,3891.1306221399072,2765804.0
2024-05-21,HDFCBANK.NS,1458.800048828125,1469.699951171875,1450.0999755859375,1450.0999755859375,21884989.0
2024-05-21,INFY.NS,1410.0574951171875,1420.430191867563,1404.4040903416053,1405.9771876665363,6752663.0
2024-05-21,RELIANCE.NS,1436.125,1441.824951171875,1425.5999755859375,1425.5999755859375,11176128.0
2024-05-21,TCS.NS,3793.033447265625,3817.408913871376,3782.9557236992146,3803.359635417006,1908117.0
2024-05-22,HDFCBANK.NS,1459.199951171875,1465.5999755859375,1448.1500244140625,1457.8499755859375,19998139.0
2024-05-22,INFY.NS,1430.3604736328125,1435.4238613894343,1404.0106459942597,1404.7480465436263,7173285.0
2024-05-22,RELIANCE.NS,1460.6500244140625,1468.7750244140625,1436.2750244140625,1436.2750244140625,10281604.0
2024-05-22,TCS.NS,3804.74951171875,3813.9337322259003,3790.4023184344205,3807.728177829177,1311168.0
2024-05-23,HDFCBANK.NS,1492.5999755859375,1495.6500244140625,1457.050048828125,1458.6500244140625,20430960.0
2024-05-23,INFY.NS,1447.664794921875,1453.3181991821157,1425.6410743215354,1430.26206979597,8641428.0
2024-05-23,RELIANCE.NS,1486.050048828125,1492.2249755859375,1455.0,1458.550048828125,14608260.0
2024-05-23,TCS.NS,3865.76220703125,3877.2301192451187,3798.2954727713704,3813.6355536995293,2095742.0
2024-05-24,HDFCBANK.NS,1517.199951171875,1519.9000244140625,1486.0,1487.5,15530103.0
2024-05-24,INFY.NS,1440.4874267578125,1450.7127387884402,1435.4731268255662,1443.5845331929024,5277938.0
2024-05-24,RELIANCE.NS,1480.25,1488.5,1476.0999755859375,1483.625,7094776.0
2024-05-24,TCS.NS,3822.124755859375,3856.1808841236075,3816.9617834984756,3850.6703037827306,1309452.0
2024-05-27,HDFCBANK.NS,1527.699951171875,1545.0,1519.050048828125,1523.3499755859375,14692720.0
2024-05-27,INFY.NS,1446.6324462890625,1454.7438527388651,1435.7189416150716,1447.1240466799595,5821844.0
2024-05-27,RELIANCE.NS,1466.25,1484.9000244140625,1461.550048828125,1480.2249755859375,6629010.0
2024-05-27,TCS.NS,3819.6923828125,3880.556506388472,3814.0329659093472,3827.585799209355,1841538.0
2024-05-28,HDFCBANK.NS,1530.5,1536.050048828125,1524.800048828125,1530.0999755859375,13954452.0
2024-05-28,INFY.NS,1442.4046630859375,1451.2042615147818,1435.7680582314492,1450.71266115519,6186922.0
2024-05-28,RELIANCE.NS,1456.199951171875,1478.5,1452.75,1468.0,7820162.0
2024-05-28,TCS.NS,3812.593017578125,3842.479062806177,3802.7635169373793,3830.564399045538,1801993.0
2024-05-29,HDFCBANK.NS,1508.300048828125,1523.8499755859375,1501.25,1518.0,17573853.0
2024-05-29,INFY.NS,1426.5750732421875,1440.8806920927175,1425.641080542095,1440.7823960221217,7401634.0
2024-05-29,RELIANCE.NS,1440.7750244140625,1458.0,1438.449951171875,1446.5,7383556.0
2024-05-29,TCS.NS,3776.60107421875,3821.529288695876,3772.977127360837,3821.529288695876,1568095.0
2024-05-30,HDFCBANK.NS,1514.8499755859375,1523.5999755859375,1497.6500244140625,1499.199951171875,16877675.0
2024-05-30,INFY.NS,1403.4698486328125,1425.4935692178785,1397.6690602811555,1418.5620760110332,9663150.0
2024-05-30,RELIANCE.NS,1424.8499755859375,1440.4000244140625,1420.0999755859375,1435.5,13206858.0
2024-05-30,TCS.NS,3709.531494140625,3767.416710258415,3689.0281974568825,3750.1405441889883,2919230.0
2024-05-31,HDFCBANK.NS,1531.550048828125,1536.0,1514.0,1519.0,37039794.0
2024-05-31,INFY.NS,1391.061279296875,1420.5752067295282,1384.2389346938157,1393.928655515095,37113815.0
2024-05-31,RELIANCE.NS,1430.4000244140625,1442.25,1422.25,1431.300048828125,31069832.0
2024-05-31,TCS.NS,3644.8447265625,3723.1340975574863,3627.7670893950612,3713.403739811845,10956800.0
2024-06-03,HDFCBANK.NS,1572.199951171875,1599.0,1550.0,1599.0,36318628.0
2024-06-03,INFY.NS,1390.072509765625,1423.7885904417358,1388.1938756806924,1423.7885904417358,10589244.0
2024-06-03,RELIANCE.NS,1510.324951171875,1514.5,1459.0,1483.0,21527942.0
2024-06-03,TCS.NS,3676.517822265625,3724.871450877324,3669.716438074187,3706.2547887523533,2156773.0
2024-06-04,HDFCBANK.NS,1483.1500244140625,1559.0,1454.0,1557.0,44765620.0
2024-06-04,INFY.NS,1377.9603271484375,1399.0699449345661,1343.0576858974464,1393.1374928712394,13736134.0
2024-06-04,RELIANCE.NS,1397.2750244140625,1498.050048828125,1359.300048828125,1498.050048828125,36709098.0
2024-06-04,TCS.NS,3688.58154296875,3718.3682041501934,3565.959787771808,3673.6882123780283,3395997.0
2024-06-05,HDFCBANK.NS,1551.800048828125,1559.5999755859375,1482.3499755859375,1494.050048828125,40815825.0
2024-06-05,INFY.NS,1414.0,1421.8110864360426,1384.3872234948608,1384.3872234948608,9233424.0
2024-06-05,RELIANCE.NS,1420.75,1431.1500244140625,1384.0999755859375,1422.0,17464890.0
2024-06-05,TCS.NS,3719.807861328125,3756.89235163064,3673.6882292018763,3689.574448571398,2799670.0
2024-06-06,HDFCBANK.NS,1559.699951171875,1565.449951171875,1546.5999755859375,1564.9000244140625,23211435.0
2024-06-06,INFY.NS,1455.675537109375,1457.7025066654837,1421.316749597369,1428.6828298646863,12660930.0
2024-06-06,RELIANCE.NS,1431.5999755859375,1443.699951171875,1421.3499755859375,1435.0,17855722.0
2024-06-06,TCS.NS,3803.16064453125,3812.593086846461,3714.892939195955,3754.112041453937,4328036.0
2024-06-07,HDFCBANK.NS,1573.3499755859375,1584.3499755859375,1552.050048828125,1561.050048828125,18356108.0
2024-06-07,INFY.NS,1516.3348388671875,1522.3661414522455,1460.6192464633557,1464.3270292856523,24075302.0
2024-06-07,RELIANCE.NS,1469.949951171875,1472.0,1426.5,1428.5,18558696.0
2024-06-07,TCS.NS,3866.259033203125,3887.15938951269,3810.0119834431034,3810.0119834431034,4552445.0
2024-06-10,HDFCBANK.NS,1561.300048828125,1580.6500244140625,1557.5999755859375,1574.0,11227029.0
2024-06-10,INFY.NS,1482.8658447265625,1512.577590710621,1480.4434750556031,1508.1282516199265,6810606.0
2024-06-10,RELIANCE.NS,1471.4000244140625,1493.3499755859375,1468.074951171875,1469.949951171875,9251760.0
2024-06-10,TCS.NS,3831.259521484375,3878.1238189496194,3814.57894309045,3867.3014292416406,1734661.0
2024-06-11,HDFCBANK.NS,1564.800048828125,1571.0,1552.199951171875,1556.0,14772663.0
2024-06-11,INFY.NS,1478.910888671875,1489.4903800951365,1477.1311047427057,1483.1625276715306,4853054.0
2024-06-11,RELIANCE.NS,1456.675048828125,1473.675048828125,1454.675048828125,1469.0,11774902.0
2024-06-11,TCS.NS,3824.70654296875,3852.3583469877426,3813.6853817691017,3817.656936449413,1419898.0
2024-06-12,HDFCBANK.NS,1574.1500244140625,1588.300048828125,1566.4000244140625,1575.0,19640218.0
2024-06-12,INFY.NS,1468.4796142578125,1491.7645373360758,1466.0572445634243,1490.0342387840703,9564320.0
2024-06-12,RELIANCE.NS,1463.324951171875,1476.0,1455.175048828125,1457.5,10081742.0
2024-06-12,TCS.NS,3804.401611328125,3865.8118698802723,3800.2315275749074,3846.847600139575,2177001.0
2024-06-13,HDFCBANK.NS,1580.75,1585.699951171875,1574.0,1581.75,12060096.0
2024-06-13,INFY.NS,1477.131103515625,1488.056751196517,1472.5829143289184,1478.169330922786,7307565.0
2024-06-13,RELIANCE.NS,1465.25,1472.25,1460.0999755859375,1472.0,9181160.0
2024-06-13,TCS.NS,3850.571044921875,3862.336872459144,3824.6071035250957,3829.373017555551,1932323.0
2024-06-14,HDFCBANK.NS,1596.9000244140625,1599.0,1577.699951171875,1584.0,12770277.0
2024-06-14,INFY.NS,1472.1380615234375,1486.7713714372505,1469.3201708217953,1486.7713714372505,4237727.0
2024-06-14,RELIANCE.NS,1477.550048828125,1479.675048828125,1457.2249755859375,1470.0,8157998.0
2024-06-14,TCS.NS,3804.799072265625,3861.3440334804677,3800.7778246755543,3861.3440334804677,1860730.0
2024-06-18,HDFCBANK.NS,1607.800048828125,1610.5,1589.449951171875,1596.9000244140625,16207857.0
2024-06-18,INFY.NS,1481.333251953125,1490.0342300420084,1478.5648467037877,1480.1468098028445,5420939.0
2024-06-18,RELIANCE.NS,1481.0250244140625,1487.4000244140625,1471.3499755859375,1487.3499755859375,7196766.0
2024-06-18,TCS.NS,3787.969482421875,3814.6780894177573,3768.0620170506086,3798.8415643624126,1774045.0
2024-06-19,HDFCBANK.NS,1657.8499755859375,1669.9000244140625,1604.0,1613.4000244140625,45065598.0
2024-06-19,INFY.NS,1494.3353271484375,1498.5869663955543,1479.8502314530917,1488.0568390431806,5493456.0
2024-06-19,RELIANCE.NS,1458.6500244140625,1487.5,1456.0,1487.5,8725874.0
2024-06-19,TCS.NS,3774.664794921875,3806.58631099227,3765.97701909007,3800.4302073364515,1509050.0
2024-06-20,HDFCBANK.NS,1669.3499755859375,1681.449951171875,1652.0,1669.800048828125,20704371.0
2024-06-20,INFY.NS,1498.3397216796875,1500.4160558385076,1482.223178040366,1499.2296136609104,7927010.0
2024-06-20,RELIANCE.NS,1473.699951171875,1482.8499755859375,1450.0999755859375,1459.0,16113776.0
2024-06-20,TCS.NS,3760.31787109375,3782.856396954086,3753.169120664651,3769.0056475468677,2846526.0
2024-06-21,HDFCBANK.NS,1665.75,1672.8499755859375,1643.1500244140625,1672.8499755859375,25815388.0
2024-06-21,INFY.NS,1515.4449462890625,1540.2129838112476,1506.5462675188483,1527.6065222201107,17301941.0
2024-06-21,RELIANCE.NS,1454.199951171875,1474.699951171875,1440.574951171875,1473.625,31170360.0
2024-06-21,TCS.NS,3783.650634765625,3850.223870955247,3771.0409966857305,3799.7850762312005,4642195.0
2024-06-24,HDFCBANK.NS,1672.4000244140625,1675.0999755859375,1645.75,1647.0,14272497.0
2024-06-24,INFY.NS,1509.9573974609375,1511.8853961182992,1498.3396787453364,1507.3866923524395,5564989.0
2024-06-24,RELIANCE.NS,1441.4749755859375,1449.5,1437.5,1445.5250244140625,8878386.0
2024-06-24,TCS.NS,3789.65771484375,3829.571792905453,3764.3390524846395,3781.664912167136,1702154.0
2024-06-25,HDFCBANK.NS,1711.3499755859375,1716.949951171875,1671.0999755859375,1671.0999755859375,37260774.0
2024-06-25,INFY.NS,1524.5908203125,1526.5189398093207,1503.2340152668712,1508.8204322252652,4551525.0
2024-06-25,RELIANCE.NS,1454.1500244140625,1455.925048828125,1441.0,1443.0,7045386.0
2024-06-25,TCS.NS,3811.153564453125,3820.2880919700933,3765.927435895861,3789.856150417264,1338808.0
2024-06-26,HDFCBANK.NS,1701.5,1710.9000244140625,1691.0999755859375,1707.949951171875,23798333.0
2024-06-26,INFY.NS,1523.3548583984375,1531.4131304051218,1517.7190768799755,1523.6515292977476,4851004.0
2024-06-26,RELIANCE.NS,1514.0250244140625,1518.9749755859375,1445.125,1446.050048828125,22014882.0
2024-06-26,TCS.NS,3828.429931640625,3839.4508505974786,3813.685437711898,3817.160548108147,1639845.0
2024-06-27,HDFCBANK.NS,1696.1500244140625,1713.0,1686.5999755859375,1696.0999755859375,27537325.0
2024-06-27,INFY.NS,1555.6373291015625,1560.6305248893534,1514.8023535712855,1521.1302063332462,14757754.0
2024-06-27,RELIANCE.NS,1530.550048828125,1537.5,1506.0,1513.75,28383030.0
2024-06-27,TCS.NS,3906.1728515625,3913.96712455873,3790.9483157029526,3803.756482542997,4526556.0
2024-06-28,HDFCBANK.NS,1683.800048828125,1706.5999755859375,1679.0,1697.5999755859375,13238023.0
2024-06-28,INFY.NS,1549.111572265625,1570.61671137319,1546.63971719579,1554.8463243060617,8197544.0
2024-06-28,RELIANCE.NS,1565.4000244140625,1581.0,1531.0250244140625,1531.0250244140625,28957336.0
2024-06-28,TCS.NS,3876.38623046875,3931.8391600284103,3870.131225728638,3889.939306349404,2731571.0
2024-07-01,HDFCBANK.NS,1705.199951171875,1707.300048828125,1680.0,1680.0,10593512.0
2024-07-01,INFY.NS,1572.890869140625,1581.8883974717737,1541.9431953322917,1541.9431953322917,6801771.0
2024-07-01,RELIANCE.NS,1560.1500244140625,1579.4000244140625,1555.675048828125,1562.5250244140625,7724306.0
2024-07-01,TCS.NS,3949.90966796875,3973.2425517696065,3856.3796035117416,3856.3796035117416,2658723.0
2024-07-02,HDFCBANK.NS,1730.5999755859375,1734.9000244140625,1702.75,1715.0,22960845.0
2024-07-02,INFY.NS,1602.8004150390625,1615.4068767004535,1568.6393275134976,1578.2300775186434,10493173.0
2024-07-02,RELIANCE.NS,1565.175048828125,1573.5,1557.0,1569.5,7749246.0
2024-07-02,TCS.NS,3988.830810546875,3994.7881425140804,3954.228786146697,3965.200254333859,2307449.0
2024-07-03,HDFCBANK.NS,1768.6500244140625,1794.0,1764.6500244140625,1791.0,61608901.0
2024-07-03,INFY.NS,1609.078857421875,1617.5820150242344,1587.919753135037,1606.7058523315286,7269965.0
2024-07-03,RELIANCE.NS,1552.425048828125,1575.0,1542.7750244140625,1566.324951171875,9049620.0
2024-07-03,TCS.NS,3937.0517578125,3997.4691297160625,3926.8746490507374,3991.412411930206,1821198.0
2024-07-04,HDFCBANK.NS,1727.1500244140625,1759.75,1724.8499755859375,1759.75,22924329.0
2024-07-04,INFY.NS,1632.067138671875,1641.3118529816875,1609.6721064181852,1609.869806555785,8008311.0
2024-07-04,RELIANCE.NS,1554.0250244140625,1567.5,1550.800048828125,1557.0,6837176.0
2024-07-04,TCS.NS,3992.355712890625,4018.5681196397627,3953.7821328880023,3971.4059070618528,2518001.0
2024-07-05,HDFCBANK.NS,1648.0999755859375,1685.0,1642.199951171875,1685.0,41121274.0
2024-07-05,INFY.NS,1628.903076171875,1647.09595441281,1614.961837113569,1632.8580444548586,7065022.0
2024-07-05,RELIANCE.NS,1588.625,1598.5,1548.0,1553.824951171875,12269710.0
2024-07-05,TCS.NS,3983.27099609375,3998.114633904997,3959.640196191253,3981.4837479255075,1668616.0
2024-07-08,HDFCBANK.NS,1635.3499755859375,1654.949951171875,1627.1500244140625,1645.300048828125,19543900.0
2024-07-08,INFY.NS,1642.9432373046875,1647.244241045759,1621.536947968214,1624.6020241574806,5880533.0
2024-07-08,RELIANCE.NS,1600.9000244140625,1608.800048828125,1582.5250244140625,1589.0,9500806.0
2024-07-08,TCS.NS,3964.802978515625,4002.5824407942773,3949.7608121650283,3993.3982206200517,1758882.0
2024-07-09,HDFCBANK.NS,1636.5,1646.699951171875,1620.3499755859375,1625.0,24275439.0
2024-07-09,INFY.NS,1638.493896484375,1647.985795933563,1632.4131087963476,1641.2129370956347,5191182.0
2024-07-09,RELIANCE.NS,1590.2750244140625,1600.5,1580.5,1597.5999755859375,6960002.0
2024-07-09,TCS.NS,3957.157958984375,3978.455373361395,3946.832013348387,3956.6615146287127,1305801.0
2024-07-10,HDFCBANK.NS,1626.0999755859375,1640.0,1620.75,1629.949951171875,22753591.0
2024-07-10,INFY.NS,1629.694091796875,1655.1541997075497,1619.1146000891124,1638.3455847762305,9852770.0
2024-07-10,RELIANCE.NS,1584.2249755859375,1597.5,1563.1500244140625,1595.0,7134578.0
2024-07-10,TCS.NS,3881.350830078125,3974.8314482017768,3874.251772715231,3955.370732391905,2669716.0
2024-07-11,HDFCBANK.NS,1621.9000244140625,1625.8499755859375,1601.0,1623.949951171875,22088537.0
2024-07-11,INFY.NS,1634.093994140625,1646.2555700536777,1623.5639875016302,1637.356891296631,8857679.0
2024-07-11,RELIANCE.NS,1580.6500244140625,1604.25,1570.5,1587.5,11940946.0
2024-07-11,TCS.NS,3895.79736328125,3951.6970458529786,3867.8973361137632,3903.0454993085577,4872189.0
2024-07-12,HDFCBANK.NS,1622.699951171875,1638.4000244140625,1611.1500244140625,1622.0,28024980.0
2024-07-12,INFY.NS,1692.479248046875,1700.3891846523227,1647.8870045728747,1661.0866871440046,17078316.0
2024-07-12,RELIANCE.NS,1596.7249755859375,1605.1500244140625,1574.5,1584.5,12924784.0
2024-07-12,TCS.NS,4154.19677734375,4170.082996188316,3943.0588545700098,3951.6969375858503,13509164.0
2024-07-15,HDFCBANK.NS,1622.0999755859375,1629.800048828125,1615.199951171875,1623.5,16687847.0
2024-07-15,INFY.NS,1687.8321533203125,1708.5462508493542,1683.4816641905138,1706.766466892966,6942230.0
2024-07-15,RELIANCE.NS,1597.2249755859375,1605.8499755859375,1585.5,1604.449951171875,5329688.0
2024-07-15,TCS.NS,4139.55224609375,4209.848580351494,4127.4882591306905,4205.579352365772,4848030.0
2024-07-16,HDFCBANK.NS,1619.75,1627.0,1616.800048828125,1620.75,14475162.0
2024-07-16,INFY.NS,1706.6182861328125,1718.3348554402428,1680.8615071130416,1699.2520853457738,6886281.0
2024-07-16,RELIANCE.NS,1576.25,1600.0,1569.125,1593.5,9386838.0
2024-07-16,TCS.NS,4148.736328125,4164.721449679784,4115.424618578997,4142.332001552796,2029521.0
2024-07-18,HDFCBANK.NS,1614.800048828125,1623.949951171875,1599.1500244140625,1608.0,16858532.0
2024-07-18,INFY.NS,1738.258056640625,1745.5252867669142,1699.6476302577444,1699.6476302577444,11248896.0
2024-07-18,RELIANCE.NS,1586.675048828125,1593.9000244140625,1557.824951171875,1576.0,12298374.0
2024-07-18,TCS.NS,4284.86083984375,4294.2438324301,4130.417189111958,4130.417189111958,5613364.0
2024-07-19,HDFCBANK.NS,1607.300048828125,1623.0,1603.5,1616.0,13001076.0
2024-07-19,INFY.NS,1772.7650146484375,1823.24034470405,1766.338191307561,1823.24034470405,29819116.0
2024-07-19,RELIANCE.NS,1555.1500244140625,1589.9749755859375,1552.800048828125,1586.0,13140390.0
2024-07-19,TCS.NS,4281.7255859375,4337.804904546029,4264.658093996186,4296.653506457877,3903354.0
2024-07-22,HDFCBANK.NS,1642.550048828125,1651.0,1612.6500244140625,1617.0,26872411.0
2024-07-22,INFY.NS,1790.4635009765625,1802.4767409150693,1772.764994301763,1779.8840094152727,8462126.0
2024-07-22,RELIANCE.NS,1500.675048828125,1537.5,1499.2750244140625,1537.25,19674376.0
2024-07-22,TCS.NS,4266.748046875,4299.191490921889,4244.505348389891,4279.287597142805,1896386.0
2024-07-23,HDFCBANK.NS,1618.4000244140625,1647.800048828125,1605.0,1647.550048828125,26001076.0
2024-07-23,INFY.NS,1816.2203369140625,1819.2359278172223,1763.1743005910796,1789.6231510275363,7113056.0
2024-07-23,RELIANCE.NS,1487.9000244140625,1505.75,1463.0,1501.0,18052044.0
2024-07-23,TCS.NS,4281.67626953125,4340.741175678139,4245.799206900286,4262.4191537532915,2365208.0
2024-07-24,HDFCBANK.NS,1604.050048828125,1621.0,1588.050048828125,1608.1500244140625,30864103.0
2024-07-24,INFY.NS,1813.303466796875,1821.608924304843,1799.1150422644587,1816.813549415664,6002845.0
2024-07-24,RELIANCE.NS,1495.699951171875,1509.5,1476.4000244140625,1485.0,11913362.0
2024-07-24,TCS.NS,4285.55712890625,4318.249371622304,4247.590548713197,4266.897228490113,1809793.0
2024-07-25,HDFCBANK.NS,1616.5999755859375,1625.0,1593.0,1593.0,12767866.0
2024-07-25,INFY.NS,1804.305908203125,1810.2878458920018,1791.6005969829364,1799.510533393457,5815599.0
2024-07-25,RELIANCE.NS,1492.4000244140625,1500.4749755859375,1477.074951171875,1481.0,12519876.0
2024-07-25,TCS.NS,4301.72900390625,4322.130494844382,4253.66129524061,4274.361150208755,2810342.0
2024-07-26,HDFCBANK.NS,1618.1500244140625,1621.75,1596.449951171875,1605.0,21905270.0
2024-07-26,INFY.NS,1857.7474365234375,1861.8012547338872,1804.800252190318,1804.800252190318,11369047.0
2024-07-26,RELIANCE.NS,1509.0250244140625,1512.425048828125,1490.3499755859375,1492.4000244140625,9859940.0
2024-07-26,TCS.NS,4366.76513671875,4401.198970329675,4316.208954685657,4329.09692035124,3552210.0
2024-07-29,HDFCBANK.NS,1605.050048828125,1631.8499755859375,1598.300048828125,1615.0,25500574.0
2024-07-29,INFY.NS,1850.0352783203125,1881.576174753072,1843.0152337045329,1872.281975079085,4635931.0
2024-07-29,RELIANCE.NS,1520.0999755859375,1527.5,1511.7750244140625,1511.949951171875,7538550.0
2024-07-29,TCS.NS,4360.0478515625,4409.70797280087,4349.996287319477,4393.784856672499,1746803.0
2024-07-30,HDFCBANK.NS,1615.550048828125,1634.75,1599.0,1602.0,27297917.0
2024-07-30,INFY.NS,1856.0172119140625,1858.7856173089488,1839.0602611731742,1850.0352740764486,2721265.0
2024-07-30,RELIANCE.NS,1513.1500244140625,1525.0,1510.0,1517.0250244140625,8228208.0
2024-07-30,TCS.NS,4344.37353515625,4376.8665468264435,4306.506083043501,4369.999800181439,1797906.0
2024-07-31,HDFCBANK.NS,1615.75,1627.9000244140625,1609.199951171875,1614.0,18910242.0
2024-07-31,INFY.NS,1847.21728515625,1863.9270494903697,1844.0533589598933,1855.8687778607152,5004209.0
2024-07-31,RELIANCE.NS,1505.425048828125,1510.449951171875,1501.1500244140625,1504.0,10057346.0
2024-07-31,TCS.NS,4364.27734375,4392.7895758215745,4324.121138863784,4329.097112556377,2330091.0
2024-08-01,HDFCBANK.NS,1638.800048828125,1650.050048828125,1617.949951171875,1622.9000244140625,13107587.0
2024-08-01,INFY.NS,1831.7435302734375,1846.8713321859477,1824.327964766531,1835.2041275099937,7475014.0
2024-08-01,RELIANCE.NS,1515.300048828125,1518.0,1504.300048828125,1512.0,10764222.0
2024-08-01,TCS.NS,4375.970703125,4398.063733856433,4344.074421497802,4378.259456556102,2202244.0
2024-08-02,HDFCBANK.NS,1659.1500244140625,1670.5,1631.0,1631.0,22059619.0
2024-08-02,INFY.NS,1800.697021484375,1838.5658912936087,1795.703946415569,1822.2516470309874,7400938.0
2024-08-02,RELIANCE.NS,1499.324951171875,1509.324951171875,1493.2750244140625,1505.0,10268248.0
2024-08-02,TCS.NS,4262.46826171875,4376.866081389599,4249.4811658784865,4344.02465785939,2811282.0
2024-08-05,HDFCBANK.NS,1615.75,1646.0,1601.0,1640.0999755859375,20666817.0
2024-08-05,INFY.NS,1732.17724609375,1777.2638600737969,1699.2027223979335,1764.8550988919399,10736703.0
2024-08-05,RELIANCE.NS,1447.324951171875,1483.9000244140625,1433.25,1480.0,17046704.0
2024-08-05,TCS.NS,4135.08349609375,4218.630284567606,4090.7477670948683,4218.630284567606,2787771.0
2024-08-06,HDFCBANK.NS,1601.199951171875,1632.949951171875,1593.300048828125,1630.0,22558025.0
2024-08-06,INFY.NS,1731.38623046875,1776.7200306535497,1725.2065924747465,1740.3837592488085,7690163.0
2024-08-06,RELIANCE.NS,1456.050048828125,1477.5,1451.324951171875,1455.1500244140625,10236186.0
2024-08-06,TCS.NS,4151.15673828125,4237.788251125124,4140.806323627874,4150.907939581601,2203067.0
2024-08-07,HDFCBANK.NS,1623.5,1630.0,1602.199951171875,1617.0,21173132.0
2024-08-07,INFY.NS,1771.479736328125,1777.6593742044852,1742.2623601702733,1775.7807401508612,5094329.0
2024-08-07,RELIANCE.NS,1464.824951171875,1472.5,1461.5,1469.0,8174568.0
2024-08-07,TCS.NS,4180.265625,4224.5517875927835,4160.212063752206,4207.683043646967,1237666.0
2024-08-08,HDFCBANK.NS,1642.699951171875,1653.300048828125,1619.25,1624.0,16988475.0
2024-08-08,INFY.NS,1723.5257568359375,1759.91139245447,1707.6563983950045,1759.91139245447,6227910.0
2024-08-08,RELIANCE.NS,1449.125,1465.0,1445.925048828125,1457.5250244140625,12387192.0
2024-08-08,TCS.NS,4152.49951171875,4211.66403187125,4140.010012425425,4160.909101430457,2441283.0
2024-08-09,HDFCBANK.NS,1650.199951171875,1662.550048828125,1645.800048828125,1652.0,13322309.0
2024-08-09,INFY.NS,1750.81494140625,1760.7023616598503,1736.23099653219,1751.3093124189302,4258524.0
2024-08-09,RELIANCE.NS,1474.300048828125,1476.5,1456.0,1460.0,6249776.0
2024-08-09,TCS.NS,4208.4296875,4233.209938931106,4185.340975538091,4196.7361494974875,1302536.0
2024-08-12,HDFCBANK.NS,1660.0999755859375,1675.949951171875,1647.3499755859375,1652.0,19658098.0
2024-08-12,INFY.NS,1777.1650390625,1783.1963416124136,1748.1948478346778,1753.089193549223,4315329.0
2024-08-12,RELIANCE.NS,1460.625,1473.0,1457.75,1470.0,8184584.0
2024-08-12,TCS.NS,4175.48876953125,4218.6305592741555,4166.233652699458,4209.67380649438,936912.0
2024-08-13,HDFCBANK.NS,1603.199951171875,1632.4000244140625,1601.1500244140625,1628.0,27027521.0
2024-08-13,INFY.NS,1777.21435546875,1789.6231165163863,1768.9090187776696,1789.6231165163863,4176918.0
2024-08-13,RELIANCE.NS,1463.625,1470.074951171875,1458.0,1460.75,6265064.0
2024-08-13,TCS.NS,4176.78271484375,4213.654485202122,4162.8995539916095,4192.755395880146,1495593.0
2024-08-14,HDFCBANK.NS,1607.800048828125,1613.699951171875,1603.199951171875,1606.5,16167214.0
2024-08-14,INFY.NS,1802.7239990234375,1804.4542976650341,1777.214405057477,1781.7132298040501,7450718.0
2024-08-14,RELIANCE.NS,1461.8499755859375,1472.0,1453.699951171875,1463.550048828125,6267466.0
2024-08-14,TCS.NS,4274.6103515625,4285.507928708055,4168.02489411654,4188.774802334337,3226545.0
2024-08-16,HDFCBANK.NS,1632.0999755859375,1634.1500244140625,1611.0,1628.5,13924623.0
2024-08-16,INFY.NS,1838.02197265625,1840.8893487203159,1808.9035677667387,1829.1727796493396,7335657.0
2024-08-16,RELIANCE.NS,1478.199951171875,1480.4000244140625,1458.050048828125,1468.6500244140625,9416902.0
2024-08-16,TCS.NS,4394.82958984375,4405.727166751252,4304.316918717559,4329.097170853388,3457058.0
2024-08-19,HDFCBANK.NS,1631.550048828125,1637.6500244140625,1623.699951171875,1637.6500244140625,9751082.0
2024-08-19,INFY.NS,1843.8062744140625,1846.5253151272077,1828.381801448105,1839.0602641636058,2585989.0
2024-08-19,RELIANCE.NS,1488.4000244140625,1498.300048828125,1480.5,1482.5,13797742.0
2024-08-19,TCS.NS,4468.42431640625,4472.653893988595,4369.253259221324,4399.755880363481,2055210.0
2024-08-20,HDFCBANK.NS,1637.699951171875,1646.0,1627.449951171875,1627.449951171875,15567247.0
2024-08-20,INFY.NS,1851.122802734375,1864.4708203012337,1847.167834566417,1858.8350389403133,3870333.0
2024-08-20,RELIANCE.NS,1495.949951171875,1503.925048828125,1490.0250244140625,1497.2249755859375,8411808.0
2024-08-20,TCS.NS,4501.564453125,4543.0642707388115,4478.376608614381,4483.352582623953,2212298.0
2024-08-21,HDFCBANK.NS,1625.800048828125,1634.550048828125,1617.800048828125,1628.0999755859375,23815452.0
2024-08-21,INFY.NS,1851.6171875,1857.8463106891932,1846.0802561629678,1853.9901925575998,1966902.0
2024-08-21,RELIANCE.NS,1498.675048828125,1507.875,1490.0,1493.25,7769996.0
2024-08-21,TCS.NS,4529.62890625,4538.088061628035,4470.961981342479,4496.28988211304,1896990.0
2024-08-22,HDFCBANK.NS,1631.300048828125,1638.300048828125,1628.0,1632.0,10650319.0
2024-08-22,INFY.NS,1859.082275390625,1872.3314432555287,1848.650998283393,1862.7900581496808,4300287.0
2024-08-22,RELIANCE.NS,1498.125,1506.5,1490.6500244140625,1503.0,10445782.0
2024-08-22,TCS.NS,4480.36669921875,4539.033623250417,4475.589958862324,4538.087993877721,1829872.0
2024-08-23,HDFCBANK.NS,1625.050048828125,1634.0,1623.0,1634.0,10166711.0
2024-08-23,INFY.NS,1841.1365966796875,1861.4058092497896,1836.0940362282875,1857.0553199735814,5015935.0
2024-08-23,RELIANCE.NS,1499.9749755859375,1511.324951171875,1498.425048828125,1503.75,9249654.0
2024-08-23,TCS.NS,4442.44970703125,4484.347502813095,4433.592571023599,4478.376334367272,1809253.0
2024-08-26,HDFCBANK.NS,1639.949951171875,1647.949951171875,1632.199951171875,1632.199951171875,11182133.0
2024-08-26,INFY.NS,1855.0284423828125,1867.4865682155496,1843.015202199224,1848.947654566818,3728589.0
2024-08-26,RELIANCE.NS,1512.5999755859375,1523.0,1503.0,1506.9749755859375,8816114.0
2024-08-26,TCS.NS,4480.81494140625,4530.27583051969,4463.448598083205,4467.42937721193,1844164.0
2024-08-27,HDFCBANK.NS,1637.75,1647.4000244140625,1632.199951171875,1643.4000244140625,17886622.0
2024-08-27,INFY.NS,1878.708740234375,1881.3289307993468,1852.8037468694145,1855.0284164761933,3830679.0
2024-08-27,RELIANCE.NS,1500.449951171875,1513.4749755859375,1499.449951171875,1510.5,6251156.0
2024-08-27,TCS.NS,4475.5400390625,4488.328388976394,4465.239676060454,4483.352415152695,930697.0
2024-08-28,HDFCBANK.NS,1637.0999755859375,1639.75,1630.199951171875,1637.75,13460594.0
2024-08-28,INFY.NS,1917.2696533203125,1929.0357076600114,1876.0391587953377,1885.4322081150558,6514531.0
2024-08-28,RELIANCE.NS,1498.300048828125,1507.4749755859375,1493.0,1505.0,9610286.0
2024-08-28,TCS.NS,4484.3974609375,4540.576403359632,4435.881713065986,4477.132733066114,1848058.0
2024-08-29,HDFCBANK.NS,1638.550048828125,1644.4000244140625,1631.1500244140625,1642.0,24526302.0
2024-08-29,INFY.NS,1911.58447265625,1928.5414234357702,1899.2746820616776,1911.2384370681077,7228284.0
2024-08-29,RELIANCE.NS,1520.925048828125,1537.0,1494.0,1503.0999755859375,38335358.0
2024-08-29,TCS.NS,4490.11962890625,4534.107432701966,4438.568733505437,4438.568733505437,2133641.0
2024-08-30,HDFCBANK.NS,1636.9000244140625,1662.0,1621.1500244140625,1656.0,222671050.0
2024-08-30,INFY.NS,1921.81787109375,1928.0469942767568,1906.2946692131216,1916.182089696592,13466759.0
2024-08-30,RELIANCE.NS,1509.625,1539.7249755859375,1503.324951171875,1534.0,41620730.0
2024-08-30,TCS.NS,4531.86767578125,4570.18267013043,4466.234393684477,4478.375962891161,3637222.0
2024-09-02,HDFCBANK.NS,1626.949951171875,1646.800048828125,1623.199951171875,1646.800048828125,17024840.0
2024-09-02,INFY.NS,1942.3837890625,1953.5071373073222,1920.928134504242,1921.4718702230236,5573739.0
2024-09-02,RELIANCE.NS,1516.25,1526.800048828125,1506.625,1510.875,11240852.0
2024-09-02,TCS.NS,4499.32470703125,4565.953185133345,4490.31838956444,4554.010848990886,1216500.0
2024-09-03,HDFCBANK.NS,1637.3499755859375,1639.949951171875,1624.5999755859375,1634.0,18641430.0
2024-09-03,INFY.NS,1919.3955078125,1944.8556156431102,1914.6494976860436,1944.8556156431102,4694322.0
2024-09-03,RELIANCE.NS,1509.125,1523.0,1507.5,1521.25,10923800.0
2024-09-03,TCS.NS,4490.6669921875,4534.007527871544,4474.295844668771,4499.324894690949,1717263.0
2024-09-04,HDFCBANK.NS,1641.800048828125,1644.800048828125,1632.0,1639.0,12341372.0
2024-09-04,INFY.NS,1900.80712890625,1905.5036537009792,1878.659403273211,1899.4723512616954,4778310.0
2024-09-04,RELIANCE.NS,1514.550048828125,1517.5,1499.5,1500.699951171875,11983304.0
2024-09-04,TCS.NS,4457.72607421875,4465.438833514435,4415.380732072546,4455.437320672715,1265505.0
2024-09-05,HDFCBANK.NS,1645.449951171875,1649.9000244140625,1642.0,1646.0,11438159.0
2024-09-05,INFY.NS,1911.38671875,1918.1595776556048,1888.101795186121,1904.564374463458,4081810.0
2024-09-05,RELIANCE.NS,1492.9749755859375,1525.7750244140625,1487.050048828125,1519.050048828125,16264168.0
2024-09-05,TCS.NS,4454.44189453125,4477.380937903155,4432.746358594601,4459.467433372758,1688793.0
2024-09-06,HDFCBANK.NS,1636.949951171875,1647.75,1634.0999755859375,1638.300048828125,13014801.0
2024-09-06,INFY.NS,1880.4390869140625,1914.6990238739456,1875.495376550329,1900.3622638191189,5848106.0
2024-09-06,RELIANCE.NS,1464.824951171875,1497.0,1461.625,1492.5,19394228.0
2024-09-06,TCS.NS,4435.33447265625,4497.23578425674,4418.664959576766,4452.452017774543,1649179.0
2024-09-09,HDFCBANK.NS,1646.5,1648.5,1630.0999755859375,1638.0,11896457.0
2024-09-09,INFY.NS,1873.3201904296875,1899.2251844317982,1867.7337735849421,1868.722515656718,4772612.0
2024-09-09,RELIANCE.NS,1462.449951171875,1469.925048828125,1455.5999755859375,1466.5,9010298.0
2024-09-09,TCS.NS,4428.1689453125,4468.673569119857,4409.210678244091,4433.592951490221,1184938.0
2024-09-10,HDFCBANK.NS,1650.3499755859375,1654.0,1638.0,1654.0,13303323.0
2024-09-10,INFY.NS,1890.771484375,1913.2158807963608,1874.6549405632559,1883.4547690120723,6909600.0
2024-09-10,RELIANCE.NS,1461.5250244140625,1472.050048828125,1457.574951171875,1460.5,10768260.0
2024-09-10,TCS.NS,4486.18896484375,4518.134815028686,4419.112932683034,4421.1033222779215,1385591.0
2024-09-11,HDFCBANK.NS,1643.9000244140625,1652.5,1639.199951171875,1650.4000244140625,11113342.0
2024-09-11,INFY.NS,1888.6456298828125,1904.317167061319,1883.5535842428933,1893.1443337425083,5312946.0
2024-09-11,RELIANCE.NS,1451.5,1468.75,1447.550048828125,1463.050048828125,9760202.0
2024-09-11,TCS.NS,4457.82568359375,4527.4893158279965,4449.764508962515,4499.723479595906,1325919.0
2024-09-12,HDFCBANK.NS,1666.5999755859375,1670.0,1647.050048828125,1654.0,16212023.0
2024-09-12,INFY.NS,1928.491943359375,1934.3750311581994,1889.2884164096236,1903.3285056795914,8555092.0
2024-09-12,RELIANCE.NS,1479.800048828125,1486.0,1445.875,1457.0,22349376.0
2024-09-12,TCS.NS,4495.99169921875,4510.820004409558,4410.0064805753545,4488.577303655868,2742216.0
2024-09-13,HDFCBANK.NS,1665.949951171875,1674.0,1657.050048828125,1674.0,11930266.0
2024-09-13,INFY.NS,1922.21337890625,1936.550138509233,1913.8585569332765,1928.491866731105,3843127.0
2024-09-13,RELIANCE.NS,1472.625,1483.1500244140625,1469.5,1476.4000244140625,8711328.0
2024-09-13,TCS.NS,4500.86767578125,4525.15032942735,4483.352151763846,4508.232019420694,1458786.0
2024-09-16,HDFCBANK.NS,1670.949951171875,1677.800048828125,1664.050048828125,1667.0,7586410.0
2024-09-16,INFY.NS,1928.294189453125,1930.0244880464043,1911.2878744147433,1923.844850213264,1570181.0
2024-09-16,RELIANCE.NS,1471.3499755859375,1480.9000244140625,1464.75,1477.550048828125,5481774.0
2024-09-16,TCS.NS,4491.5625,4524.20469193302,4472.853033929719,4505.246427186617,1155120.0
2024-09-17,HDFCBANK.NS,1668.800048828125,1678.0,1664.1500244140625,1678.0,10063561.0
2024-09-17,INFY.NS,1930.568359375,1936.4018409777289,1920.28541780197,1925.822349204047,2793127.0
2024-09-17,RELIANCE.NS,1472.300048828125,1477.4749755859375,1466.625,1474.0,5935328.0
2024-09-17,TCS.NS,4483.9990234375,4514.004047262318,4444.539649708466,4491.562600547858,1699364.0
2024-09-18,HDFCBANK.NS,1694.800048828125,1698.9000244140625,1671.0999755859375,1671.8499755859375,20458671.0
2024-09-18,INFY.NS,1870.8482666015625,1916.9236213164315,1860.1204396556486,1916.9236213164315,6385468.0
2024-09-18,RELIANCE.NS,1463.449951171875,1482.0,1460.550048828125,1470.0,8574714.0
2024-09-18,TCS.NS,4325.265625,4475.440417652989,4300.2365738803255,4475.440417652989,2961779.0
2024-09-19,HDFCBANK.NS,1708.5,1719.0,1699.1500244140625,1699.199951171875,15325888.0
2024-09-19,INFY.NS,1872.8751220703125,1903.2295750864566,1857.648591225943,1889.090515649771,7976570.0
2024-09-19,RELIANCE.NS,1469.675048828125,1476.5,1455.550048828125,1466.25,16955902.0
2024-09-19,TCS.NS,4275.50537109375,4400.9499474857,4261.224230770516,4368.954050944716,2927551.0
2024-09-20,HDFCBANK.NS,1741.199951171875,1744.949951171875,1707.550048828125,1716.5,30311693.0
2024-09-20,INFY.NS,1884.295166015625,1893.441029998647,1846.3769324522514,1883.553609476461,15242974.0
2024-09-20,RELIANCE.NS,1485.925048828125,1495.0,1471.375,1474.0,30897320.0
2024-09-20,TCS.NS,4264.3095703125,4309.889778037523,4207.185493092967,4296.155799946793,5447908.0
2024-09-23,HDFCBANK.NS,1759.800048828125,1766.3499755859375,1740.25,1749.0,13482675.0
2024-09-23,INFY.NS,1875.099853515625,1897.2971854419584,1857.3024962257978,1887.5086147933428,3636672.0
2024-09-23,RELIANCE.NS,1493.375,1501.5,1488.949951171875,1491.0,8832314.0
2024-09-23,TCS.NS,4247.98876953125,4288.692137419543,4232.563250981939,4279.337404002431,1702319.0
2024-09-24,HDFCBANK.NS,1768.050048828125,1781.6500244140625,1754.25,1765.0,16519518.0
2024-09-24,INFY.NS,1877.2255859375,1889.3871611325649,1850.3318511156947,1866.744944603828,7277616.0
2024-09-24,RELIANCE.NS,1489.375,1500.5,1487.875,1488.5,17137444.0
2024-09-24,TCS.NS,4250.77490234375,4270.3804321906,4219.625502793788,4231.219423792548,3012026.0
2024-09-25,HDFCBANK.NS,1779.0999755859375,1788.0,1760.1500244140625,1760.1500244140625,15982656.0
2024-09-25,INFY.NS,1873.962890625,1880.1918932386473,1855.6711623585454,1865.113576694678,4268341.0
2024-09-25,RELIANCE.NS,1493.949951171875,1496.5,1480.199951171875,1483.9000244140625,7069002.0
2024-09-25,TCS.NS,4254.208984375,4268.987724387413,4219.625964968712,4231.916717973479,2713073.0
2024-09-26,HDFCBANK.NS,1783.449951171875,1788.0,1768.050048828125,1773.050048828125,15949822.0
2024-09-26,INFY.NS,1878.8570556640625,1896.3577414391902,1871.6886758963662,1876.4346859520194,8952803.0
2024-09-26,RELIANCE.NS,1497.949951171875,1504.0,1488.050048828125,1490.6500244140625,18818998.0
2024-09-26,TCS.NS,4271.873046875,4296.056082562562,4239.529220661037,4239.529220661037,3964251.0
2024-09-27,HDFCBANK.NS,1752.6500244140625,1778.199951171875,1750.0,1777.0,17806751.0
2024-09-27,INFY.NS,1885.283935546875,1952.3700606285142,1881.8728236954225,1910.3485227967365,14908931.0
2024-09-27,RELIANCE.NS,1526.175048828125,1533.4749755859375,1492.0,1499.0,20597478.0
2024-09-27,TCS.NS,4287.99560546875,4356.962403920665,4279.386782551355,4314.169031748763,3012477.0
2024-09-30,HDFCBANK.NS,1732.050048828125,1751.449951171875,1724.4000244140625,1748.800048828125,13191767.0
2024-09-30,INFY.NS,1854.484619140625,1879.84587760492,1849.4420586771876,1858.8351084272188,6986955.0
2024-09-30,RELIANCE.NS,1476.574951171875,1524.9749755859375,1474.4000244140625,1519.4000244140625,27008814.0
2024-09-30,TCS.NS,4247.98876953125,4278.093410571035,4239.579179561039,4266.300255654413,2503416.0
2024-10-01,HDFCBANK.NS,1726.199951171875,1742.0,1720.0999755859375,1724.0,12286142.0
2024-10-01,INFY.NS,1882.910888671875,1887.4590779382527,1853.891333799346,1853.891333799346,4029072.0
2024-10-01,RELIANCE.NS,1464.824951171875,1487.949951171875,1462.824951171875,1480.6500244140625,16431642.0
2024-10-01,TCS.NS,4267.29541015625,4275.107786018728,4222.561698346075,4235.100763268349,1823365.0
2024-10-03,HDFCBANK.NS,1682.0,1726.1500244140625,1673.3499755859375,1715.6500244140625,24236699.0
2024-10-03,INFY.NS,1872.084228515625,1890.326471127003,1859.8238029111842,1868.228110367189,7503887.0
2024-10-03,RELIANCE.NS,1406.9749755859375,1449.4000244140625,1402.074951171875,1436.574951171875,37757294.0
2024-10-03,TCS.NS,4212.41064453125,4258.438402445034,4189.769963611497,4242.117305474487,3350119.0
2024-10-04,HDFCBANK.NS,1657.6500244140625,1690.6500244140625,1653.0,1674.5,24341616.0
2024-10-04,INFY.NS,1896.5555419921875,1932.100769561233,1864.7674617056623,1868.277544177642,10001483.0
2024-10-04,RELIANCE.NS,1386.5250244140625,1417.3499755859375,1381.7750244140625,1403.925048828125,37072876.0
2024-10-04,TCS.NS,4231.81689453125,4277.34705454649,4203.752208082306,4204.697837472992,2965463.0
2024-10-07,HDFCBANK.NS,1617.800048828125,1659.0,1613.0,1652.199951171875,47229148.0
2024-10-07,INFY.NS,1912.5238037109375,1920.1370692498308,1894.4792612218491,1901.548670352514,6112575.0
2024-10-07,RELIANCE.NS,1370.7249755859375,1396.5,1361.375,1393.5,22181340.0
2024-10-07,TCS.NS,4252.31787109375,4276.60052515788,4209.076465987775,4253.362631179358,1472619.0
2024-10-08,HDFCBANK.NS,1651.050048828125,1656.800048828125,1622.0,1630.0,14867203.0
2024-10-08,INFY.NS,1926.6134033203125,1935.907482195147,1884.8884156668553,1916.0832761654256,5637391.0
2024-10-08,RELIANCE.NS,1397.3499755859375,1401.0,1365.0999755859375,1372.9749755859375,17020808.0
2024-10-08,TCS.NS,4232.81201171875,4258.836256883247,4183.749105598339,4252.069127051097,1541867.0
2024-10-09,HDFCBANK.NS,1633.1500244140625,1656.75,1628.699951171875,1649.5,20562821.0
2024-10-09,INFY.NS,1930.7659912109375,1954.7429853406854,1923.202090573065,1930.568291084163,4857163.0
2024-10-09,RELIANCE.NS,1374.5999755859375,1400.9749755859375,1372.5,1397.5250244140625,14310610.0
2024-10-09,TCS.NS,4232.513671875,4274.361416397303,4226.2937047382175,4239.529600431319,1082504.0
2024-10-10,HDFCBANK.NS,1662.4000244140625,1665.449951171875,1632.5,1639.0,10877383.0
2024-10-10,INFY.NS,1897.39599609375,1941.8893883940204,1892.5511359040659,1935.8580860214163,4782119.0
2024-10-10,RELIANCE.NS,1371.050048828125,1386.0,1369.425048828125,1380.0250244140625,22358646.0
2024-10-10,TCS.NS,4207.0859375,4273.216819058745,4178.424524787105,4232.811817436818,2378875.0
2024-10-11,HDFCBANK.NS,1651.0,1664.449951171875,1643.25,1664.449951171875,11836297.0
2024-10-11,INFY.NS,1913.314697265625,1925.08075167961,1888.596146268198,1896.407232522595,4709431.0
2024-10-11,RELIANCE.NS,1372.0999755859375,1383.2750244140625,1368.824951171875,1370.0,7980122.0
2024-10-11,TCS.NS,4129.26220703125,4221.566519109232,4092.6888003588424,4123.091805273089,5759183.0
2024-10-14,HDFCBANK.NS,1688.0999755859375,1692.050048828125,1654.0,1656.050048828125,9263754.0
2024-10-14,INFY.NS,1936.8468017578125,1947.32744321805,1909.3597248317858,1910.3979522497737,3751378.0
2024-10-14,RELIANCE.NS,1372.5250244140625,1380.074951171875,1368.25,1379.449951171875,12221432.0
2024-10-14,TCS.NS,4116.77197265625,4145.383819684157,4102.391701102295,4120.105972018656,2137590.0
2024-10-15,HDFCBANK.NS,1684.0999755859375,1698.0,1675.5,1694.0,9825565.0
2024-10-15,INFY.NS,1937.2423095703125,1969.030269309362,1929.7772589580218,1937.9343807135765,5353705.0
2024-10-15,RELIANCE.NS,1344.0250244140625,1371.699951171875,1340.699951171875,1358.5250244140625,33762794.0
2024-10-15,TCS.NS,4097.017578125,4149.9125681672385,4075.32252681289,4111.199103401455,2759474.0
2024-10-16,HDFCBANK.NS,1699.800048828125,1707.949951171875,1680.0999755859375,1680.0999755859375,10235341.0
2024-10-16,INFY.NS,1898.483642578125,1937.489590029349,1894.7758597802551,1932.9907652895117,3111512.0
2024-10-16,RELIANCE.NS,1354.074951171875,1364.0,1337.625,1340.0,20034438.0
2024-10-16,TCS.NS,4075.272705078125,4095.226408468653,4047.656050683227,4065.3705658795743,2359151.0
2024-10-17,HDFCBANK.NS,1673.1500244140625,1697.6500244140625,1665.199951171875,1694.949951171875,7347866.0
2024-10-17,INFY.NS,1945.9432373046875,1955.7318079040856,1908.420524152391,1913.4135991715214,8162822.0
2024-10-17,RELIANCE.NS,1356.425048828125,1368.449951171875,1352.050048828125,1365.699951171875,15543660.0
2024-10-17,TCS.NS,4089.25537109375,4110.104896211079,4073.2824462028457,4093.036916902333,2522659.0
2024-10-18,HDFCBANK.NS,1681.8499755859375,1691.0,1654.0999755859375,1663.0999755859375,12404862.0
2024-10-18,INFY.NS,1858.4395751953125,1915.0450588417807,1848.2061188848998,1872.4797850414136,10526196.0
2024-10-18,RELIANCE.NS,1359.300048828125,1368.425048828125,1341.324951171875,1352.175048828125,12082452.0
2024-10-18,TCS.NS,4113.24755859375,4136.292737475611,4070.300101634224,4080.2763273735236,2361000.0
2024-10-21,HDFCBANK.NS,1728.699951171875,1748.1500244140625,1711.050048828125,1715.0,23274177.0
2024-10-21,INFY.NS,1831.891845703125,1877.4234656963636,1817.3079003655882,1869.81007944151,4654601.0
2024-10-21,RELIANCE.NS,1369.199951171875,1374.0,1357.7249755859375,1367.125,14067408.0
2024-10-21,TCS.NS,4070.150634765625,4130.107850048016,4060.323954797378,4122.775226563061,1595450.0
2024-10-22,HDFCBANK.NS,1714.550048828125,1740.0,1710.699951171875,1730.050048828125,19437640.0
2024-10-22,INFY.NS,1830.7547607421875,1856.6598749420027,1826.157086057666,1837.280434151161,4125240.0
2024-10-22,RELIANCE.NS,1343.3499755859375,1376.0,1340.2249755859375,1369.199951171875,15831960.0
2024-10-22,TCS.NS,4005.95361328125,4080.0770223386526,3996.82546377182,4056.333555373319,1928049.0
2024-10-23,HDFCBANK.NS,1735.800048828125,1746.5,1705.050048828125,1705.050048828125,19018045.0
2024-10-23,INFY.NS,1852.309326171875,1864.7674514965342,1823.2402866169718,1824.4762141431493,4311910.0
2024-10-23,RELIANCE.NS,1338.5250244140625,1357.4749755859375,1335.0,1337.5,17214742.0
2024-10-23,TCS.NS,4056.5830078125,4103.770363230431,3985.651941595186,3990.091557134352,1966476.0
2024-10-24,HDFCBANK.NS,1749.6500244140625,1768.6500244140625,1738.0999755859375,1738.0999755859375,15416129.0
2024-10-24,INFY.NS,1842.3724365234375,1862.7899835717537,1839.0601748638333,1840.4444378443384,2906475.0
2024-10-24,RELIANCE.NS,1339.800048828125,1343.699951171875,1323.125,1335.2750244140625,22155934.0
2024-10-24,TCS.NS,4038.2763671875,4069.302527026517,3994.4808330998217,3994.4808330998217,2676744.0
2024-10-25,HDFCBANK.NS,1743.4000244140625,1757.8499755859375,1728.699951171875,1755.0,13065239.0
2024-10-25,INFY.NS,1841.087158203125,1855.2260969140489,1825.613321185463,1842.471300498032,4689120.0
2024-10-25,RELIANCE.NS,1327.8499755859375,1344.3499755859375,1322.0,1343.5,18597496.0
2024-10-25,TCS.NS,4047.903564453125,4082.271613760155,4023.1125458164493,4047.404753161121,1759676.0
2024-10-28,HDFCBANK.NS,1734.199951171875,1751.0,1728.9000244140625,1742.0,11006071.0
2024-10-28,INFY.NS,1844.3499755859375,1860.7137049405378,1836.0940035326346,1838.7635588134694,7018940.0
2024-10-28,RELIANCE.NS,1334.3499755859375,1353.0,1322.0999755859375,1337.0,10824350.0
2024-10-28,TCS.NS,4081.12451171875,4124.171829496109,4041.369153674102,4059.2764306368204,1532534.0
2024-10-29,HDFCBANK.NS,1751.8499755859375,1764.0,1725.0999755859375,1726.1500244140625,17897463.0
2024-10-29,INFY.NS,1839.300048828125,1851.5999755859375,1829.0,1846.0,4621252.0
2024-10-29,RELIANCE.NS,1340.0,1343.199951171875,1320.300048828125,1328.0999755859375,12008361.0
2024-10-29,TCS.NS,4065.5615234375,4093.744362045465,4050.4476383868687,4086.112646536771,1445885.0
2024-10-30,HDFCBANK.NS,1734.5999755859375,1754.75,1724.199951171875,1742.0,16357862.0
2024-10-30,INFY.NS,1802.0999755859375,1839.0,1796.3499755859375,1832.0,5919715.0
2024-10-30,RELIANCE.NS,1343.9000244140625,1350.0,1325.3499755859375,1335.0,11984423.0
2024-10-30,TCS.NS,4074.939208984375,4097.236172357374,4050.3978382371356,4065.3122479562453,1935002.0
2024-10-31,HDFCBANK.NS,1735.699951171875,1738.9000244140625,1719.4000244140625,1728.0,11447956.0
2024-10-31,INFY.NS,1757.25,1787.9000244140625,1746.5,1787.9000244140625,7395236.0
2024-10-31,RELIANCE.NS,1332.050048828125,1343.0,1326.1500244140625,1340.0,9331650.0
2024-10-31,TCS.NS,3959.015380859375,4068.604321519084,3950.5855185532914,4060.3240051797716,3740372.0
2024-11-01,HDFCBANK.NS,1737.300048828125,1744.0999755859375,1726.0999755859375,1733.0,879846.0
2024-11-01,INFY.NS,1760.8499755859375,1766.0,1752.050048828125,1764.5,371966.0
2024-11-01,RELIANCE.NS,1338.6500244140625,1341.949951171875,1333.0,1333.050048828125,2127335.0
2024-11-01,TCS.NS,3974.72802734375,3989.4429611125925,3966.5975003464064,3980.364741330315,154895.0
2024-11-04,HDFCBANK.NS,1714.0999755859375,1745.0,1710.9000244140625,1745.0,14044624.0
2024-11-04,INFY.NS,1763.6500244140625,1767.0,1718.0,1724.5,7336722.0
2024-11-04,RELIANCE.NS,1302.1500244140625,1340.0,1285.0999755859375,1337.8499755859375,19796890.0
2024-11-04,TCS.NS,3954.7255859375,3982.409613462514,3903.94669233372,3956.87062069268,2269192.0
2024-11-05,HDFCBANK.NS,1757.8499755859375,1762.699951171875,1697.9000244140625,1703.0,22116203.0
2024-11-05,INFY.NS,1754.199951171875,1768.449951171875,1745.0,1760.0,3160880.0
2024-11-05,RELIANCE.NS,1305.300048828125,1309.550048828125,1286.1500244140625,1293.0,16267479.0
2024-11-05,TCS.NS,3961.90869140625,3976.5237653727104,3931.730607135672,3931.730607135672,967590.0
2024-11-06,HDFCBANK.NS,1755.25,1771.5,1745.3499755859375,1771.5,13893955.0
2024-11-06,INFY.NS,1823.699951171875,1827.199951171875,1762.6500244140625,1764.0,10421494.0
2024-11-06,RELIANCE.NS,1325.3499755859375,1328.300048828125,1300.199951171875,1310.0,21625209.0
2024-11-06,TCS.NS,4129.80810546875,4139.933876960973,3965.799055125364,3994.0817519363486,3792017.0
2024-11-07,HDFCBANK.NS,1746.550048828125,1760.949951171875,1738.0,1744.300048828125,9447728.0
2024-11-07,INFY.NS,1803.050048828125,1825.699951171875,1787.0,1812.949951171875,4550965.0
2024-11-07,RELIANCE.NS,1305.6500244140625,1324.0,1302.5999755859375,1324.0,9611974.0
2024-11-07,TCS.NS,4141.03173828125,4195.801124048814,4075.3384332667383,4159.787336273054,3724349.0
2024-11-08,HDFCBANK.NS,1754.449951171875,1761.800048828125,1745.8499755859375,1752.0,9951493.0
2024-11-08,INFY.NS,1829.949951171875,1840.5999755859375,1813.1500244140625,1818.0,4210960.0
2024-11-08,RELIANCE.NS,1283.75,1301.6500244140625,1275.0,1297.6500244140625,19814406.0
2024-11-08,TCS.NS,4137.14111328125,4159.837028479501,4107.860791194804,4145.1220944498655,1648039.0
2024-11-11,HDFCBANK.NS,1766.300048828125,1782.800048828125,1751.199951171875,1754.550048828125,12282681.0
2024-11-11,INFY.NS,1860.0999755859375,1868.0,1822.550048828125,1829.0,3804234.0
2024-11-11,RELIANCE.NS,1272.699951171875,1286.0,1267.0,1278.949951171875,9056552.0
2024-11-11,TCS.NS,4188.71826171875,4224.233237059355,4107.860656630662,4118.385867474251,1406487.0
2024-11-12,HDFCBANK.NS,1718.199951171875,1775.0,1708.6500244140625,1772.0,15697703.0
2024-11-12,INFY.NS,1868.800048828125,1881.0,1861.0,1871.0999755859375,5012450.0
2024-11-12,RELIANCE.NS,1274.25,1289.300048828125,1267.5,1275.550048828125,10671091.0
2024-11-12,TCS.NS,4187.4208984375,4207.9720209044035,4154.4496671854,4205.976775754615,1587640.0
2024-11-13,HDFCBANK.NS,1681.3499755859375,1729.4000244140625,1673.0,1716.75,17864250.0
2024-11-13,INFY.NS,1868.4000244140625,1873.199951171875,1856.300048828125,1861.0999755859375,4257495.0
2024-11-13,RELIANCE.NS,1252.050048828125,1275.449951171875,1249.5,1270.25,14633633.0
2024-11-13,TCS.NS,4140.48291015625,4186.772499749115,4121.228502379121,4168.166936335564,1098813.0
2024-11-14,HDFCBANK.NS,1692.75,1704.8499755859375,1672.0999755859375,1673.0999755859375,13573235.0
2024-11-14,INFY.NS,1864.550048828125,1876.0,1856.0,1865.5999755859375,4311431.0
2024-11-14,RELIANCE.NS,1267.5999755859375,1272.5999755859375,1251.0999755859375,1253.5999755859375,12612633.0
2024-11-14,TCS.NS,4136.04345703125,4150.110033173541,4106.66376361192,4125.169468070334,1825432.0
2024-11-18,HDFCBANK.NS,1705.0999755859375,1718.9000244140625,1695.0,1700.0,13540984.0
2024-11-18,INFY.NS,1811.449951171875,1849.199951171875,1795.0,1849.199951171875,4839244.0
2024-11-18,RELIANCE.NS,1260.75,1272.9000244140625,1243.9000244140625,1267.5999755859375,13620611.0
2024-11-18,TCS.NS,4009.944091796875,4202.984067356694,3980.7137005323643,4202.984067356694,3313944.0
2024-11-19,HDFCBANK.NS,1742.25,1753.75,1702.699951171875,1714.0,25490636.0
2024-11-19,INFY.NS,1824.75,1859.699951171875,1820.550048828125,1825.5,4669769.0
2024-11-19,RELIANCE.NS,1241.6500244140625,1281.5,1235.1500244140625,1260.75,14183746.0
2024-11-19,TCS.NS,4029.946533203125,4122.32624236372,4004.5570860479797,4010.3431024386978,1776233.0
2024-11-21,HDFCBANK.NS,1741.199951171875,1759.0,1734.199951171875,1749.4000244140625,17858256.0
2024-11-21,INFY.NS,1834.050048828125,1867.0,1820.5999755859375,1842.0,5436504.0
2024-11-21,RELIANCE.NS,1223.0,1243.949951171875,1217.25,1241.6500244140625,19433843.0
2024-11-21,TCS.NS,4063.167236328125,4082.7204928271417,4014.433275703715,4035.2834902732247,2384347.0
2024-11-22,HDFCBANK.NS,1745.5999755859375,1754.300048828125,1729.550048828125,1743.550048828125,12386806.0
2024-11-22,INFY.NS,1902.25,1914.050048828125,1834.0,1854.0999755859375,6301486.0
2024-11-22,RELIANCE.NS,1265.4000244140625,1268.8499755859375,1222.449951171875,1229.4000244140625,20471957.0
2024-11-22,TCS.NS,4234.5087890625,4244.834279917868,4044.361832894069,4061.3214163077837,3096553.0
2024-11-25,HDFCBANK.NS,1785.5999755859375,1803.550048828125,1764.9000244140625,1785.050048828125,213868637.0
2024-11-25,INFY.NS,1889.699951171875,1919.300048828125,1882.0,1916.0,12764638.0
2024-11-25,RELIANCE.NS,1287.0,1304.449951171875,1282.449951171875,1290.0,28923341.0
2024-11-25,TCS.NS,4304.84130859375,4317.81040218259,4242.090945499517,4269.8246584798,4052167.0
2024-11-26,HDFCBANK.NS,1785.550048828125,1810.0,1769.800048828125,1810.0,15467783.0
2024-11-26,INFY.NS,1924.1500244140625,1938.5999755859375,1897.300048828125,1904.949951171875,6850495.0
2024-11-26,RELIANCE.NS,1295.699951171875,1297.8499755859375,1284.199951171875,1294.949951171875,9247557.0
2024-11-26,TCS.NS,4342.35205078125,4356.218907385121,4299.75337125729,4310.776906050054,2060669.0
2024-11-27,HDFCBANK.NS,1812.300048828125,1817.3499755859375,1785.1500244140625,1789.9000244140625,16357488.0
2024-11-27,INFY.NS,1924.5,1941.4000244140625,1911.75,1930.0999755859375,4447143.0
2024-11-27,RELIANCE.NS,1293.199951171875,1303.8499755859375,1286.0,1293.5,9572746.0
2024-11-27,TCS.NS,4322.24951171875,4366.992981830861,4313.769719793482,4348.5871375123725,1558993.0
2024-11-28,HDFCBANK.NS,1793.1500244140625,1836.0999755859375,1788.0,1819.0,17861196.0
2024-11-28,INFY.NS,1856.6500244140625,1914.9000244140625,1851.6500244140625,1914.9000244140625,8468790.0
2024-11-28,RELIANCE.NS,1270.800048828125,1296.5999755859375,1269.050048828125,1289.949951171875,15027412.0
2024-11-28,TCS.NS,4234.80810546875,4329.6324265013845,4222.93649387391,4308.732038044275,2558544.0
2024-11-29,HDFCBANK.NS,1796.050048828125,1804.5999755859375,1782.9000244140625,1801.300048828125,13834768.0
2024-11-29,INFY.NS,1857.8499755859375,1877.0,1845.0,1851.0999755859375,5244346.0
2024-11-29,RELIANCE.NS,1292.199951171875,1299.5,1275.25,1280.0,13202307.0
2024-11-29,TCS.NS,4260.69677734375,4288.480665473612,4185.67535947675,4209.967568343767,2017425.0
2024-12-02,HDFCBANK.NS,1804.699951171875,1808.1500244140625,1775.0,1803.5,7555438.0
2024-12-02,INFY.NS,1879.800048828125,1882.800048828125,1835.199951171875,1859.0,2868263.0
2024-12-02,RELIANCE.NS,1309.1500244140625,1311.3499755859375,1277.050048828125,1288.0,11024152.0
2024-12-02,TCS.NS,4266.482421875,4278.005254710035,4219.993113175897,4259.848329278071,1670944.0
2024-12-03,HDFCBANK.NS,1826.300048828125,1837.4000244140625,1816.0999755859375,1822.699951171875,21705121.0
2024-12-03,INFY.NS,1892.0999755859375,1899.75,1871.1500244140625,1887.0,4715792.0
2024-12-03,RELIANCE.NS,1323.300048828125,1326.800048828125,1307.0,1317.0,16869482.0
2024-12-03,TCS.NS,4292.5205078125,4314.717609967825,4255.309380845213,4304.0930270344115,2010905.0
2024-12-04,HDFCBANK.NS,1860.0999755859375,1865.0,1831.1500244140625,1838.0,22334542.0
2024-12-04,INFY.NS,1889.25,1913.949951171875,1875.0,1884.0,4705573.0
2024-12-04,RELIANCE.NS,1308.949951171875,1328.4000244140625,1304.050048828125,1326.0,19608540.0
2024-12-04,TCS.NS,4344.0478515625,4376.520760208883,4278.85311573444,4303.294869994538,3302642.0
2024-12-05,HDFCBANK.NS,1865.75,1879.949951171875,1835.199951171875,1860.0,19841357.0
2024-12-05,INFY.NS,1934.8499755859375,1949.9000244140625,1888.949951171875,1900.0,9050038.0
2024-12-05,RELIANCE.NS,1322.050048828125,1329.949951171875,1306.1500244140625,1314.3499755859375,16858723.0
2024-12-05,TCS.NS,4453.43701171875,4478.327890655097,4349.634574127026,4390.337381715646,3746747.0
2024-12-06,HDFCBANK.NS,1855.8499755859375,1864.199951171875,1844.0,1857.0,8891578.0
2024-12-06,INFY.NS,1922.4000244140625,1937.949951171875,1912.4000244140625,1932.800048828125,3573331.0
2024-12-06,RELIANCE.NS,1311.550048828125,1323.9000244140625,1310.0,1323.9000244140625,9037514.0
2024-12-06,TCS.NS,4434.93115234375,4454.384792535113,4402.259013047999,4442.4133216481205,1842087.0
2024-12-09,HDFCBANK.NS,1870.0,1880.0,1849.0,1853.6500244140625,13473956.0
2024-12-09,INFY.NS,1923.6500244140625,1930.199951171875,1897.199951171875,1924.199951171875,4274645.0
2024-12-09,RELIANCE.NS,1295.1500244140625,1315.0,1293.0999755859375,1303.0,14650002.0
2024-12-09,TCS.NS,4441.5654296875,4458.7744198029895,4405.052344540118,4419.917311205773,2066639.0
2024-12-10,HDFCBANK.NS,1868.0999755859375,1877.699951171875,1858.550048828125,1877.699951171875,6662740.0
2024-12-10,INFY.NS,1948.550048828125,1965.5999755859375,1932.0,1939.0,6174921.0
2024-12-10,RELIANCE.NS,1284.8499755859375,1294.9000244140625,1280.199951171875,1289.25,16043729.0
2024-12-10,TCS.NS,4422.01171875,4483.116101037371,4401.610629507514,4415.627031739154,2087828.0
2024-12-11,HDFCBANK.NS,1863.0999755859375,1871.9000244140625,1856.75,1861.699951171875,7022713.0
2024-12-11,INFY.NS,1974.1500244140625,1978.0,1952.0,1955.0,5025612.0
2024-12-11,RELIANCE.NS,1278.199951171875,1290.0,1276.050048828125,1285.0,11724373.0
2024-12-11,TCS.NS,4416.92431640625,4438.073622972398,4396.522739659736,4421.313758363722,1635256.0
2024-12-12,HDFCBANK.NS,1859.25,1868.6500244140625,1848.699951171875,1851.0,8646895.0
2024-12-12,INFY.NS,1987.0,1998.800048828125,1970.550048828125,1975.199951171875,6462130.0
2024-12-12,RELIANCE.NS,1262.9000244140625,1278.199951171875,1260.5999755859375,1270.0,20906813.0
2024-12-12,TCS.NS,4444.35888671875,4474.337250258611,4415.47751831541,4419.517694897249,1914642.0
2024-12-13,HDFCBANK.NS,1871.75,1875.0,1829.25,1862.5,9504501.0
2024-12-13,INFY.NS,1999.699951171875,2006.449951171875,1953.800048828125,1969.75,5362693.0
2024-12-13,RELIANCE.NS,1272.8499755859375,1275.199951171875,1239.5999755859375,1260.0,28630222.0
2024-12-13,TCS.NS,4463.263671875,4484.213746564931,4383.952674834549,4424.406563710448,1967048.0
2024-12-16,HDFCBANK.NS,1865.199951171875,1869.949951171875,1855.25,1865.0999755859375,6553541.0
2024-12-16,INFY.NS,1980.050048828125,1999.5999755859375,1977.5999755859375,1995.449951171875,3119221.0
2024-12-16,RELIANCE.NS,1268.300048828125,1281.0,1266.550048828125,1275.0,9486781.0
2024-12-16,TCS.NS,4404.70361328125,4464.361251469477,4386.5466866393945,4448.39928945305,1646224.0
2024-12-17,HDFCBANK.NS,1833.25,1862.3499755859375,1826.5,1856.3499755859375,10539766.0
2024-12-17,INFY.NS,1976.5999755859375,1982.0,1958.0,1968.0,5811050.0
2024-12-17,RELIANCE.NS,1245.300048828125,1263.9000244140625,1242.800048828125,1261.050048828125,17462791.0
2024-12-17,TCS.NS,4318.20947265625,4422.411349246116,4307.734435238463,4399.5157154705,3225027.0
2024-12-18,HDFCBANK.NS,1810.699951171875,1836.0,1807.1500244140625,1829.8499755859375,11711156.0
2024-12-18,INFY.NS,1979.1500244140625,1984.949951171875,1961.5999755859375,1966.800048828125,3064095.0
2024-12-18,RELIANCE.NS,1253.25,1259.949951171875,1240.6500244140625,1240.6500244140625,12670179.0
2024-12-18,TCS.NS,4337.513671875,4351.629934738984,4279.402153374645,4301.449711036634,1575404.0
2024-12-19,HDFCBANK.NS,1793.5,1801.0999755859375,1779.0,1799.5999755859375,12690385.0
2024-12-19,INFY.NS,1946.199951171875,1959.75,1920.0,1934.0,5323592.0
2024-12-19,RELIANCE.NS,1230.449951171875,1244.9000244140625,1229.0,1239.0,14244653.0
2024-12-19,TCS.NS,4261.744140625,4353.625284965991,4251.867773722515,4271.82022690751,3015763.0
2024-12-20,HDFCBANK.NS,1771.5,1797.550048828125,1767.050048828125,1782.199951171875,12846174.0
2024-12-20,INFY.NS,1922.1500244140625,1979.949951171875,1911.25,1975.1500244140625,11056720.0
2024-12-20,RELIANCE.NS,1205.300048828125,1239.5,1201.5,1224.0,20312896.0
2024-12-20,TCS.NS,4160.38525390625,4371.582149112012,4142.627766815982,4318.708152329051,4116989.0
2024-12-23,HDFCBANK.NS,1801.0,1806.0,1781.300048828125,1782.0,5522296.0
2024-12-23,INFY.NS,1924.300048828125,1940.0,1909.0,1930.050048828125,2781793.0
2024-12-23,RELIANCE.NS,1222.300048828125,1227.199951171875,1213.199951171875,1215.0,10052824.0
2024-12-23,TCS.NS,4148.4140625,4206.97470678817,4105.117336999115,4190.064808055705,2195338.0
2024-12-24,HDFCBANK.NS,1798.0999755859375,1808.699951171875,1789.550048828125,1802.050048828125,7242917.0
2024-12-24,INFY.NS,1909.050048828125,1942.0,1840.0,1927.050048828125,2360544.0
2024-12-24,RELIANCE.NS,1222.75,1233.550048828125,1221.0,1222.300048828125,6734917.0
2024-12-24,TCS.NS,4169.5634765625,4207.971945003141,4148.41368350807,4148.41368350807,1181886.0
2024-12-26,HDFCBANK.NS,1790.75,1812.0,1780.75,1798.550048828125,5240839.0
2024-12-26,INFY.NS,1907.4000244140625,1919.75,1902.300048828125,1909.050048828125,3623321.0
2024-12-26,RELIANCE.NS,1216.550048828125,1227.699951171875,1214.25,1224.25,10016178.0
2024-12-26,TCS.NS,4159.1884765625,4189.965231177923,4133.299975260031,4169.563654172128,1208464.0
2024-12-27,HDFCBANK.NS,1798.25,1805.949951171875,1789.0999755859375,1794.800048828125,3629665.0
2024-12-27,INFY.NS,1916.75,1924.1500244140625,1903.9000244140625,1909.4000244140625,3937500.0
2024-12-27,RELIANCE.NS,1221.050048828125,1227.9000244140625,1217.0,1218.300048828125,7000397.0
2024-12-27,TCS.NS,4154.94873046875,4171.010552322772,4137.390474661629,4153.103031169175,858100.0
2024-12-30,HDFCBANK.NS,1777.9000244140625,1815.0,1771.0,1792.199951171875,11111109.0
2024-12-30,INFY.NS,1906.0,1916.0,1886.5,1915.699951171875,7789055.0
2024-12-30,RELIANCE.NS,1210.699951171875,1223.199951171875,1208.0999755859375,1216.4000244140625,8818766.0
2024-12-30,TCS.NS,4148.91259765625,4189.316312212475,4102.224055683883,4141.131336367655,1527169.0
2024-12-31,HDFCBANK.NS,1772.8499755859375,1781.800048828125,1765.5999755859375,1770.300048828125,7058618.0
2024-12-31,INFY.NS,1880.0,1897.0,1845.050048828125,1892.300048828125,3613063.0
2024-12-31,RELIANCE.NS,1215.449951171875,1219.0999755859375,1206.1500244140625,1208.0,6405475.0
2024-12-31,TCS.NS,4085.065185546875,4130.107993333899,4022.4643656444655,4125.169566477492,1555429.0
2025-01-01,HDFCBANK.NS,1782.75,1794.0,1761.0999755859375,1773.449951171875,3656903.0
2025-01-01,INFY.NS,1882.5,1892.949951171875,1874.0,1874.0,1838368.0
2025-01-01,RELIANCE.NS,1221.25,1226.300048828125,1211.5999755859375,1214.8499755859375,5892590.0
2025-01-01,TCS.NS,4102.67333984375,4124.171912463796,4075.737285534502,4084.665959274456,763161.0
2025-01-02,HDFCBANK.NS,1793.75,1803.449951171875,1773.0,1777.0999755859375,9279288.0
2025-01-02,INFY.NS,1957.8499755859375,1962.6500244140625,1885.300048828125,1887.0,7083645.0
2025-01-02,RELIANCE.NS,1241.800048828125,1244.449951171875,1220.0,1221.25,15486276.0
2025-01-02,TCS.NS,4165.82275390625,4173.055518072165,4087.2102844407514,4110.205291526971,1720835.0
2025-01-03,HDFCBANK.NS,1749.199951171875,1795.25,1746.300048828125,1791.0,12213097.0
2025-01-03,INFY.NS,1938.75,1952.949951171875,1922.0,1952.949951171875,6218003.0
2025-01-03,RELIANCE.NS,1251.1500244140625,1262.050048828125,1235.5,1243.9000244140625,15521102.0
2025-01-03,TCS.NS,4090.15283203125,4170.012814052736,4082.5710463485834,4170.012814052736,1791953.0
2025-01-06,HDFCBANK.NS,1710.5,1757.199951171875,1705.800048828125,1740.0999755859375,9408174.0
2025-01-06,INFY.NS,1937.8499755859375,1973.0,1928.0,1952.0,7164403.0
2025-01-06,RELIANCE.NS,1218.0,1262.0,1215.0,1253.949951171875,14816766.0
2025-01-06,TCS.NS,4085.2646484375,4139.784627457154,4056.732543944963,4095.739685997596,2085593.0
2025-01-07,HDFCBANK.NS,1713.4000244140625,1721.0,1700.0,1715.0,6763953.0
2025-01-07,INFY.NS,1930.8499755859375,1958.550048828125,1923.6500244140625,1945.0,4294832.0
2025-01-07,RELIANCE.NS,1240.8499755859375,1244.5,1221.25,1222.0,10070505.0
2025-01-07,TCS.NS,4018.72314453125,4130.506804912367,4002.0129660800494,4105.1672884462705,2669054.0
2025-01-08,HDFCBANK.NS,1694.300048828125,1711.6500244140625,1683.3499755859375,1708.25,9869095.0
2025-01-08,INFY.NS,1933.1500244140625,1938.5999755859375,1888.75,1930.0,5482050.0
2025-01-08,RELIANCE.NS,1265.5,1271.050048828125,1245.3499755859375,1249.0,19346579.0
2025-01-08,TCS.NS,4098.6328125,4116.191068626907,4008.1984163780307,4025.3075474626567,2181277.0
2025-01-09,HDFCBANK.NS,1667.800048828125,1689.0,1658.0999755859375,1684.1500244140625,20210111.0
2025-01-09,INFY.NS,1917.300048828125,1951.8499755859375,1910.550048828125,1934.050048828125,6833503.0
2025-01-09,RELIANCE.NS,1254.75,1269.75,1248.050048828125,1267.0,12794704.0
2025-01-09,TCS.NS,4029.248291015625,4127.913072541291,4015.7304555516193,4091.250440575635,2392472.0
2025-01-10,HDFCBANK.NS,1656.75,1674.9000244140625,1654.0,1671.0,8726640.0
2025-01-10,INFY.NS,1966.949951171875,1977.800048828125,1932.25,1937.0,8036913.0
2025-01-10,RELIANCE.NS,1241.9000244140625,1256.75,1236.0,1253.8499755859375,8120332.0
2025-01-10,TCS.NS,4255.5087890625,4286.784355311112,4160.086283836942,4190.014962137927,7894300.0
2025-01-13,HDFCBANK.NS,1630.8499755859375,1646.75,1624.300048828125,1640.0,10834533.0
2025-01-13,INFY.NS,1962.199951171875,1982.800048828125,1949.0,1956.0,5804152.0
2025-01-13,RELIANCE.NS,1239.8499755859375,1245.25,1226.4000244140625,1230.0,13764861.0
2025-01-13,TCS.NS,4280.8984375,4312.672814743107,4217.3496830137865,4234.907938202855,4003771.0
2025-01-14,HDFCBANK.NS,1646.5999755859375,1656.199951171875,1637.0,1639.9000244140625,13330716.0
2025-01-14,INFY.NS,1940.050048828125,1971.800048828125,1931.0999755859375,1968.8499755859375,5792162.0
2025-01-14,RELIANCE.NS,1238.75,1253.3499755859375,1227.25,1244.0999755859375,13095266.0
2025-01-14,TCS.NS,4222.986328125,4303.644216121458,4209.01961114277,4291.77260411065,3441709.0
2025-01-15,HDFCBANK.NS,1643.050048828125,1662.699951171875,1636.300048828125,1656.5,7011446.0
2025-01-15,INFY.NS,1949.6500244140625,1958.050048828125,1937.0999755859375,1947.0,2985439.0
2025-01-15,RELIANCE.NS,1252.199951171875,1257.0,1241.8499755859375,1244.949951171875,9578856.0
2025-01-15,TCS.NS,4239.4970703125,4246.330882501332,4197.447375425011,4207.972098937158,1653474.0
2025-01-16,HDFCBANK.NS,1652.050048828125,1660.550048828125,1642.8499755859375,1652.8499755859375,10606227.0
2025-01-16,INFY.NS,1928.449951171875,1966.949951171875,1916.8499755859375,1965.949951171875,7533579.0
2025-01-16,RELIANCE.NS,1266.449951171875,1275.0,1251.300048828125,1258.9000244140625,14117603.0
2025-01-16,TCS.NS,4196.2998046875,4283.791502747344,4181.884450193402,4249.872333885348,2637705.0
2025-01-17,HDFCBANK.NS,1636.75,1650.5,1628.5,1643.5,11556038.0
2025-01-17,INFY.NS,1815.449951171875,1858.0,1812.0,1851.0,16409953.0
2025-01-17,RELIANCE.NS,1302.3499755859375,1326.0,1285.0,1322.25,29366277.0
2025-01-17,TCS.NS,4124.2998046875,4160.60009765625,4100.0498046875,4159.89990234375,1761466.0
2025-01-20,HDFCBANK.NS,1651.25,1660.949951171875,1626.0,1626.0,8778809.0
2025-01-20,INFY.NS,1813.300048828125,1827.949951171875,1793.1500244140625,1822.949951171875,4333011.0
2025-01-20,RELIANCE.NS,1305.449951171875,1316.0,1300.25,1316.0,14040244.0
2025-01-20,TCS.NS,4077.800048828125,4145.7998046875,4068.10009765625,4145.7998046875,1287799.0
2025-01-21,HDFCBANK.NS,1642.4000244140625,1661.050048828125,1633.050048828125,1658.25,15579072.0
2025-01-21,INFY.NS,1800.699951171875,1831.6500244140625,1793.050048828125,1819.050048828125,7169109.0
2025-01-21,RELIANCE.NS,1273.699951171875,1313.0,1270.199951171875,1310.5,14562976.0
2025-01-21,TCS.NS,4035.85009765625,4111.0,4030.0,4095.300048828125,1971591.0
2025-01-22,HDFCBANK.NS,1666.050048828125,1671.9000244140625,1625.449951171875,1642.4000244140625,15309653.0
2025-01-22,INFY.NS,1856.449951171875,1865.800048828125,1805.1500244140625,1807.4000244140625,8373913.0
2025-01-22,RELIANCE.NS,1277.0999755859375,1282.9000244140625,1268.699951171875,1278.300048828125,10273590.0
2025-01-22,TCS.NS,4156.60009765625,4163.14990234375,4044.199951171875,4050.0,2409223.0
2025-01-23,HDFCBANK.NS,1664.9000244140625,1687.0,1651.25,1687.0,17454579.0
2025-01-23,INFY.NS,1865.449951171875,1879.550048828125,1852.699951171875,1858.0,5907471.0
2025-01-23,RELIANCE.NS,1263.6500244140625,1277.3499755859375,1261.5999755859375,1270.0,8720682.0
2025-01-23,TCS.NS,4145.4501953125,4191.35009765625,4140.0498046875,4168.0,1822998.0
2025-01-24,HDFCBANK.NS,1649.800048828125,1670.300048828125,1644.5,1660.0,12118100.0
2025-01-24,INFY.NS,1875.449951171875,1894.9000244140625,1864.25,1865.5,4887027.0
2025-01-24,RELIANCE.NS,1246.300048828125,1273.0,1243.5,1266.0,14235970.0
2025-01-24,TCS.NS,4152.35009765625,4178.0,4104.0,4104.0,1910099.0
2025-01-27,HDFCBANK.NS,1629.800048828125,1643.5999755859375,1626.0,1641.0999755859375,11402083.0
2025-01-27,INFY.NS,1822.0,1863.0,1812.0,1848.75,7652371.0
2025-01-27,RELIANCE.NS,1229.3499755859375,1240.449951171875,1220.0,1239.0999755859375,9536019.0
2025-01-27,TCS.NS,4065.14990234375,4156.35009765625,4041.050048828125,4102.0,1551782.0
2025-01-28,HDFCBANK.NS,1670.4000244140625,1684.300048828125,1647.0,1647.0,15089656.0
2025-01-28,INFY.NS,1829.75,1863.5,1824.9000244140625,1830.0,6999495.0
2025-01-28,RELIANCE.NS,1234.4000244140625,1244.75,1218.5,1238.0,10568025.0
2025-01-28,TCS.NS,4040.300048828125,4102.0,4028.300048828125,4070.800048828125,2468272.0
2025-01-29,HDFCBANK.NS,1677.300048828125,1681.1500244140625,1668.8499755859375,1675.0,6309945.0
2025-01-29,INFY.NS,1881.25,1888.6500244140625,1840.5,1845.0,5145155.0
2025-01-29,RELIANCE.NS,1235.5,1242.75,1228.050048828125,1236.0,5928156.0
2025-01-29,TCS.NS,4099.7998046875,4107.85009765625,4054.0,4054.0,1217089.0
2025-01-30,HDFCBANK.NS,1691.5,1697.9000244140625,1672.550048828125,1681.0,12872423.0
2025-01-30,INFY.NS,1859.949951171875,1887.199951171875,1844.0,1873.1500244140625,7336056.0
2025-01-30,RELIANCE.NS,1253.050048828125,1257.0,1232.4000244140625,1235.550048828125,9269259.0
2025-01-30,TCS.NS,4100.0498046875,4129.89990234375,4058.5,4099.89990234375,1531251.0
2025-01-31,HDFCBANK.NS,1698.75,1704.699951171875,1683.949951171875,1687.25,7910843.0
2025-01-31,INFY.NS,1879.800048828125,1897.449951171875,1871.0,1871.0,5820470.0
2025-01-31,RELIANCE.NS,1265.0999755859375,1267.0,1249.0,1255.8499755859375,6584612.0
2025-01-31,TCS.NS,4112.39990234375,4128.4501953125,4085.25,4110.0,1492943.0
2025-02-01,HDFCBANK.NS,1690.949951171875,1713.0,1676.050048828125,1697.5,2793764.0
2025-02-01,INFY.NS,1851.3499755859375,1890.5999755859375,1846.0,1880.300048828125,1701402.0
2025-02-01,RELIANCE.NS,1264.5999755859375,1270.550048828125,1241.0,1265.0999755859375,7118453.0
2025-02-01,TCS.NS,4073.14990234375,4135.89990234375,4056.0,4113.0,437172.0
2025-02-03,HDFCBANK.NS,1678.0,1686.800048828125,1663.449951171875,1670.0,10138270.0
2025-02-03,INFY.NS,1863.300048828125,1876.550048828125,1832.4000244140625,1836.0,4823228.0
2025-02-03,RELIANCE.NS,1245.9000244140625,1256.0,1237.550048828125,1251.0,9252345.0
2025-02-03,TCS.NS,4068.64990234375,4077.0,3998.699951171875,4030.89990234375,1265713.0
2025-02-04,HDFCBANK.NS,1720.9000244140625,1725.800048828125,1680.050048828125,1688.699951171875,14308251.0
2025-02-04,INFY.NS,1898.800048828125,1911.199951171875,1875.0,1889.0,7334787.0
2025-02-04,RELIANCE.NS,1285.199951171875,1288.800048828125,1246.5999755859375,1248.050048828125,16691069.0
2025-02-04,TCS.NS,4107.0498046875,4118.85009765625,4066.050048828125,4083.699951171875,2547132.0
2025-02-05,HDFCBANK.NS,1737.800048828125,1744.199951171875,1718.9000244140625,1733.0,11837753.0
2025-02-05,INFY.NS,1897.050048828125,1919.699951171875,1894.300048828125,1906.0,4996744.0
2025-02-05,RELIANCE.NS,1278.199951171875,1290.5,1276.699951171875,1282.6500244140625,10112028.0
2025-02-05,TCS.NS,4091.10009765625,4150.0,4076.0,4150.0,1693912.0
2025-02-06,HDFCBANK.NS,1743.8499755859375,1749.0,1724.0,1735.5,13380358.0
2025-02-06,INFY.NS,1915.6500244140625,1924.0,1900.0,1917.0,4765255.0
2025-02-06,RELIANCE.NS,1281.550048828125,1288.0,1270.3499755859375,1273.699951171875,9956001.0
2025-02-06,TCS.NS,4082.75,4139.5,4051.550048828125,4105.39990234375,2284536.0
2025-02-07,HDFCBANK.NS,1732.75,1767.0,1725.0,1750.0,11754800.0
2025-02-07,INFY.NS,1903.6500244140625,1923.699951171875,1889.449951171875,1919.300048828125,4126260.0
2025-02-07,RELIANCE.NS,1266.699951171875,1283.699951171875,1262.0,1276.1500244140625,8764283.0
2025-02-07,TCS.NS,4029.39990234375,4090.0,4008.0,4090.0,1548940.0
2025-02-10,HDFCBANK.NS,1715.75,1723.449951171875,1708.5,1717.300048828125,8597975.0
2025-02-10,INFY.NS,1880.300048828125,1905.0,1878.5999755859375,1905.0,3828734.0
2025-02-10,RELIANCE.NS,1253.6500244140625,1266.5,1245.550048828125,1264.5,6970972.0
2025-02-10,TCS.NS,4036.949951171875,4052.0,4014.35009765625,4040.0,1339511.0
2025-02-11,HDFCBANK.NS,1701.4000244140625,1711.0,1688.699951171875,1703.0,11362352.0
2025-02-11,INFY.NS,1875.6500244140625,1903.0,1870.0,1883.0999755859375,4411601.0
2025-02-11,RELIANCE.NS,1234.8499755859375,1264.550048828125,1230.0999755859375,1264.550048828125,8859714.0
2025-02-11,TCS.NS,3963.550048828125,4040.0,3955.0,4018.39990234375,1810908.0
2025-02-12,HDFCBANK.NS,1706.800048828125,1712.0,1681.199951171875,1693.0,11404785.0
2025-02-12,INFY.NS,1863.1500244140625,1894.5999755859375,1847.0,1885.0,5633947.0
2025-02-12,RELIANCE.NS,1216.550048828125,1226.9000244140625,1193.3499755859375,1219.449951171875,21131654.0
2025-02-12,TCS.NS,3950.14990234375,4021.75,3940.14990234375,3971.10009765625,1678002.0
2025-02-13,HDFCBANK.NS,1697.699951171875,1714.25,1693.550048828125,1699.0,6301217.0
2025-02-13,INFY.NS,1843.25,1873.5,1835.6500244140625,1868.5,5237744.0
2025-02-13,RELIANCE.NS,1216.0999755859375,1228.0,1212.0,1217.050048828125,8511216.0
2025-02-13,TCS.NS,3910.14990234375,3984.449951171875,3902.25,3968.0,2277310.0
2025-02-14,HDFCBANK.NS,1694.8499755859375,1701.9000244140625,1680.0,1701.9000244140625,9979946.0
2025-02-14,INFY.NS,1856.4000244140625,1859.300048828125,1828.3499755859375,1854.0,5292961.0
2025-02-14,RELIANCE.NS,1217.25,1224.0,1205.449951171875,1219.0,10298145.0
2025-02-14,TCS.NS,3934.85009765625,3948.0,3900.0,3925.0,1681975.0
2025-02-17,HDFCBANK.NS,1717.3499755859375,1720.0,1681.25,1685.199951171875,6469473.0
2025-02-17,INFY.NS,1842.300048828125,1852.75,1822.1500244140625,1838.550048828125,4428956.0
2025-02-17,RELIANCE.NS,1224.9000244140625,1227.5,1204.5,1211.0999755859375,8166683.0
2025-02-17,TCS.NS,3904.5,3934.0,3856.199951171875,3856.5,1799806.0
2025-02-18,HDFCBANK.NS,1723.050048828125,1731.550048828125,1706.1500244140625,1713.050048828125,8175455.0
2025-02-18,INFY.NS,1851.949951171875,1861.6500244140625,1837.5999755859375,1842.300048828125,4365260.0
2025-02-18,RELIANCE.NS,1225.4000244140625,1229.9000244140625,1216.0999755859375,1224.8499755859375,6673250.0
2025-02-18,TCS.NS,3873.199951171875,3924.39990234375,3864.5,3898.39990234375,2149879.0
2025-02-19,HDFCBANK.NS,1727.199951171875,1737.9000244140625,1712.449951171875,1717.0,5942056.0
2025-02-19,INFY.NS,1810.800048828125,1849.199951171875,1805.9000244140625,1847.4000244140625,4611411.0
2025-02-19,RELIANCE.NS,1227.449951171875,1232.75,1217.550048828125,1219.5,6217338.0
2025-02-19,TCS.NS,3784.10009765625,3874.949951171875,3768.14990234375,3872.199951171875,4366672.0
2025-02-20,HDFCBANK.NS,1687.0999755859375,1714.699951171875,1685.300048828125,1711.0,13195255.0
2025-02-20,INFY.NS,1825.1500244140625,1831.0,1805.550048828125,1805.550048828125,2218020.0
2025-02-20,RELIANCE.NS,1233.0,1239.3499755859375,1222.0,1223.949951171875,7795582.0
2025-02-20,TCS.NS,3779.39990234375,3788.0,3751.300048828125,3761.5,2888572.0
2025-02-21,HDFCBANK.NS,1692.5,1694.949951171875,1677.25,1680.9000244140625,7840470.0
2025-02-21,INFY.NS,1815.0,1829.8499755859375,1806.199951171875,1821.800048828125,3379879.0
2025-02-21,RELIANCE.NS,1228.1500244140625,1240.0,1222.1500244140625,1228.699951171875,6904025.0
2025-02-21,TCS.NS,3786.0,3817.0,3775.0,3776.10009765625,1833931.0
2025-02-24,HDFCBANK.NS,1677.0999755859375,1684.199951171875,1661.0999755859375,1681.0999755859375,10346823.0
2025-02-24,INFY.NS,1764.0999755859375,1808.0,1750.25,1800.050048828125,7594720.0
2025-02-24,RELIANCE.NS,1214.550048828125,1223.25,1210.5,1216.550048828125,7172498.0
2025-02-24,TCS.NS,3675.60009765625,3763.199951171875,3670.0,3743.14990234375,2508516.0
2025-02-25,HDFCBANK.NS,1682.3499755859375,1688.0,1671.0999755859375,1671.0999755859375,12069354.0
2025-02-25,INFY.NS,1767.699951171875,1778.449951171875,1745.1500244140625,1745.1500244140625,5092963.0
2025-02-25,RELIANCE.NS,1204.0,1221.0,1201.5,1211.0,11552182.0
2025-02-25,TCS.NS,3629.550048828125,3658.0,3621.25,3625.0,4101954.0
2025-02-27,HDFCBANK.NS,1700.699951171875,1710.75,1682.550048828125,1682.550048828125,17893400.0
2025-02-27,INFY.NS,1764.300048828125,1775.8499755859375,1751.0999755859375,1755.199951171875,5757079.0
2025-02-27,RELIANCE.NS,1207.0999755859375,1215.0,1200.6500244140625,1212.800048828125,11509215.0
2025-02-27,TCS.NS,3612.550048828125,3638.0,3600.699951171875,3611.699951171875,3823856.0
2025-02-28,HDFCBANK.NS,1732.4000244140625,1737.25,1685.0,1685.0,27258364.0
2025-02-28,INFY.NS,1687.699951171875,1755.0999755859375,1682.449951171875,1755.050048828125,12182167.0
2025-02-28,RELIANCE.NS,1200.0999755859375,1217.3499755859375,1193.300048828125,1202.0,23007298.0
2025-02-28,TCS.NS,3483.25,3600.0,3457.0,3584.949951171875,7085018.0
2025-03-03,HDFCBANK.NS,1701.550048828125,1743.050048828125,1694.0999755859375,1739.800048828125,10602682.0
2025-03-03,INFY.NS,1708.5999755859375,1728.5999755859375,1692.300048828125,1692.300048828125,7504969.0
2025-03-03,RELIANCE.NS,1171.25,1206.449951171875,1156.0,1204.0,17944938.0
2025-03-03,TCS.NS,3493.050048828125,3523.25,3476.14990234375,3485.0,4990439.0
2025-03-04,HDFCBANK.NS,1710.0,1714.300048828125,1693.25,1698.0,9960479.0
2025-03-04,INFY.NS,1688.300048828125,1699.0,1670.0,1695.0,6759673.0
2025-03-04,RELIANCE.NS,1161.9000244140625,1174.0,1159.550048828125,1162.199951171875,11377373.0
2025-03-04,TCS.NS,3532.050048828125,3551.0,3464.300048828125,3474.0,2797737.0
2025-03-05,HDFCBANK.NS,1690.0,1710.800048828125,1688.25,1701.949951171875,10791936.0
2025-03-05,INFY.NS,1711.5,1732.949951171875,1692.449951171875,1692.449951171875,8180782.0
2025-03-05,RELIANCE.NS,1175.5999755859375,1183.0,1157.0,1161.0,8664095.0
2025-03-05,TCS.NS,3547.050048828125,3600.35009765625,3520.85009765625,3520.85009765625,2501894.0
2025-03-06,HDFCBANK.NS,1691.199951171875,1699.9000244140625,1672.25,1687.0,16483044.0
2025-03-06,INFY.NS,1715.8499755859375,1722.300048828125,1691.0999755859375,1715.0,10610547.0
2025-03-06,RELIANCE.NS,1209.5999755859375,1213.949951171875,1185.1500244140625,1197.0,14468014.0
2025-03-06,TCS.NS,3601.60009765625,3609.449951171875,3536.10009765625,3557.0,2786513.0
2025-03-07,HDFCBANK.NS,1689.25,1701.1500244140625,1677.5999755859375,1682.0,6686457.0
2025-03-07,INFY.NS,1686.0,1705.0,1675.5,1703.0999755859375,8019331.0
2025-03-07,RELIANCE.NS,1249.800048828125,1254.800048828125,1212.0,1216.0,16474965.0
2025-03-07,TCS.NS,3611.199951171875,3625.0,3574.39990234375,3600.0,2051315.0
2025-03-10,HDFCBANK.NS,1687.5,1699.9000244140625,1683.050048828125,1689.0,7802025.0
2025-03-10,INFY.NS,1701.449951171875,1719.0,1676.199951171875,1686.0,7558981.0
2025-03-10,RELIANCE.NS,1238.4000244140625,1258.0,1235.4000244140625,1245.0,11931051.0
2025-03-10,TCS.NS,3589.64990234375,3622.10009765625,3582.60009765625,3606.5,1004626.0
2025-03-11,HDFCBANK.NS,1685.5,1694.0,1670.050048828125,1682.4000244140625,9949215.0
2025-03-11,INFY.NS,1661.5999755859375,1680.0,1637.050048828125,1680.0,12671234.0
2025-03-11,RELIANCE.NS,1247.300048828125,1249.5,1229.75,1240.0,10089838.0
2025-03-11,TCS.NS,3575.300048828125,3588.75,3537.64990234375,3558.0,1995450.0
2025-03-12,HDFCBANK.NS,1711.1500244140625,1718.5,1691.550048828125,1691.550048828125,9392053.0
2025-03-12,INFY.NS,1590.8499755859375,1636.9000244140625,1563.800048828125,1636.9000244140625,14870008.0
2025-03-12,RELIANCE.NS,1257.050048828125,1263.0,1244.0,1258.0,11977555.0
2025-03-12,TCS.NS,3506.199951171875,3569.25,3486.85009765625,3565.0,3174167.0
2025-03-13,HDFCBANK.NS,1706.5999755859375,1720.800048828125,1700.050048828125,1716.050048828125,7868132.0
2025-03-13,INFY.NS,1579.8499755859375,1606.050048828125,1570.300048828125,1599.25,7822888.0
2025-03-13,RELIANCE.NS,1247.9000244140625,1264.1500244140625,1243.8499755859375,1260.050048828125,9505270.0
2025-03-13,TCS.NS,3511.050048828125,3524.300048828125,3484.10009765625,3502.300048828125,1693004.0
2025-03-17,HDFCBANK.NS,1710.4000244140625,1724.0,1705.0,1705.0,9475326.0
2025-03-17,INFY.NS,1590.050048828125,1594.0,1545.1500244140625,1545.1500244140625,7526032.0
2025-03-17,RELIANCE.NS,1238.8499755859375,1257.4000244140625,1233.0999755859375,1242.1500244140625,16640917.0
2025-03-17,TCS.NS,3497.699951171875,3530.449951171875,3477.35009765625,3489.0,2690906.0
2025-03-18,HDFCBANK.NS,1710.4000244140625,1710.4000244140625,1710.4000244140625,1710.4000244140625,0.0
2025-03-18,INFY.NS,1590.050048828125,1590.050048828125,1590.050048828125,1590.050048828125,0.0
2025-03-18,RELIANCE.NS,1238.8499755859375,1238.8499755859375,1238.8499755859375,1238.8499755859375,0.0
2025-03-18,TCS.NS,3497.699951171875,3497.699951171875,3497.699951171875,3497.699951171875,0.0
2025-03-19,HDFCBANK.NS,1744.0999755859375,1751.0,1732.199951171875,1735.0,7610703.0
2025-03-19,INFY.NS,1586.550048828125,1603.0,1572.800048828125,1603.0,7387068.0
2025-03-19,RELIANCE.NS,1247.1500244140625,1253.25,1238.800048828125,1241.050048828125,16162399.0
2025-03-19,TCS.NS,3497.10009765625,3547.0,3462.75,3547.0,3051244.0
2025-03-20,HDFCBANK.NS,1768.75,1774.0,1749.300048828125,1754.0,8916989.0
2025-03-20,INFY.NS,1615.550048828125,1631.9000244140625,1592.0,1592.0,7186750.0
2025-03-20,RELIANCE.NS,1269.1500244140625,1273.0,1250.050048828125,1251.8499755859375,15971477.0
2025-03-20,TCS.NS,3563.14990234375,3578.949951171875,3512.0,3512.0,2845192.0
2025-03-21,HDFCBANK.NS,1770.3499755859375,1774.0999755859375,1755.550048828125,1755.550048828125,16754132.0
2025-03-21,INFY.NS,1592.550048828125,1603.9000244140625,1563.6500244140625,1577.949951171875,10074677.0
2025-03-21,RELIANCE.NS,1276.3499755859375,1281.0,1270.0999755859375,1275.0,21780769.0
2025-03-21,TCS.NS,3578.10009765625,3616.25,3465.0,3475.0,4161925.0
2025-03-24,HDFCBANK.NS,1800.0,1804.4000244140625,1773.6500244140625,1779.0,8696868.0
2025-03-24,INFY.NS,1592.75,1607.0999755859375,1572.699951171875,1597.949951171875,8857726.0
2025-03-24,RELIANCE.NS,1302.0999755859375,1306.0,1284.25,1291.0,20299319.0
2025-03-24,TCS.NS,3628.949951171875,3649.75,3566.60009765625,3600.0,1834751.0
2025-03-25,HDFCBANK.NS,1821.449951171875,1843.699951171875,1801.5,1804.9000244140625,19550708.0
2025-03-25,INFY.NS,1628.449951171875,1636.1500244140625,1605.0,1605.0,9890140.0
2025-03-25,RELIANCE.NS,1285.449951171875,1307.699951171875,1282.5999755859375,1307.699951171875,13713899.0
2025-03-25,TCS.NS,3657.75,3710.0,3638.0,3645.0,3135390.0
2025-03-26,HDFCBANK.NS,1806.550048828125,1827.5,1802.0,1825.0,12239221.0
2025-03-26,INFY.NS,1599.449951171875,1637.75,1595.0,1626.0,6651302.0
2025-03-26,RELIANCE.NS,1273.050048828125,1293.800048828125,1268.75,1291.0,12074747.0
2025-03-26,TCS.NS,3635.800048828125,3680.5,3625.85009765625,3647.75,1734499.0
2025-03-27,HDFCBANK.NS,1825.3499755859375,1841.0,1798.0999755859375,1800.0,20829050.0
2025-03-27,INFY.NS,1603.550048828125,1619.949951171875,1586.0,1595.550048828125,9426573.0
2025-03-27,RELIANCE.NS,1278.199951171875,1285.0,1271.300048828125,1278.1500244140625,15028056.0
2025-03-27,TCS.NS,3651.199951171875,3663.0,3610.5,3614.85009765625,2528474.0
2025-03-28,HDFCBANK.NS,1828.199951171875,1836.0,1805.8499755859375,1829.0,14386824.0
2025-03-28,INFY.NS,1570.6500244140625,1598.449951171875,1560.0,1590.0,6799047.0
2025-03-28,RELIANCE.NS,1275.0999755859375,1295.75,1269.0,1280.0,18147129.0
2025-03-28,TCS.NS,3606.14990234375,3660.949951171875,3591.89990234375,3651.0,2051919.0
2025-04-01,HDFCBANK.NS,1767.8499755859375,1809.9000244140625,1765.3499755859375,1802.0,14255503.0
2025-04-01,INFY.NS,1526.5,1547.4000244140625,1517.8499755859375,1539.25,12680733.0
2025-04-01,RELIANCE.NS,1252.5999755859375,1277.9000244140625,1249.300048828125,1264.5999755859375,12099648.0
2025-04-01,TCS.NS,3550.800048828125,3584.0,3525.0,3572.699951171875,2618493.0
2025-04-02,HDFCBANK.NS,1796.9000244140625,1799.199951171875,1770.699951171875,1770.699951171875,5786782.0
2025-04-02,INFY.NS,1550.1500244140625,1555.6500244140625,1535.199951171875,1535.199951171875,6193478.0
2025-04-02,RELIANCE.NS,1251.1500244140625,1255.550048828125,1243.9000244140625,1247.550048828125,10142590.0
2025-04-02,TCS.NS,3543.949951171875,3564.10009765625,3530.050048828125,3544.0,1764313.0
2025-04-03,HDFCBANK.NS,1794.8499755859375,1804.0,1777.0,1781.0999755859375,5625019.0
2025-04-03,INFY.NS,1496.5,1534.6500244140625,1485.050048828125,1534.6500244140625,10459504.0
2025-04-03,RELIANCE.NS,1248.699951171875,1251.800048828125,1233.050048828125,1233.050048828125,7434366.0
2025-04-03,TCS.NS,3403.14990234375,3502.0,3396.14990234375,3491.0,4537821.0
2025-04-04,HDFCBANK.NS,1817.300048828125,1841.949951171875,1811.0999755859375,1813.0,16770227.0
2025-04-04,INFY.NS,1451.6500244140625,1472.0,1448.0,1460.5,9590254.0
2025-04-04,RELIANCE.NS,1204.699951171875,1245.449951171875,1193.1500244140625,1241.0999755859375,17908652.0
2025-04-04,TCS.NS,3299.39990234375,3399.64990234375,3295.5,3362.60009765625,5317367.0
2025-04-07,HDFCBANK.NS,1757.699951171875,1779.8499755859375,1738.199951171875,1762.800048828125,18997725.0
2025-04-07,INFY.NS,1396.75,1405.9000244140625,1307.0,1352.0,21715252.0
2025-04-07,RELIANCE.NS,1165.699951171875,1171.25,1114.8499755859375,1132.199951171875,22156106.0
2025-04-07,TCS.NS,3274.050048828125,3291.39990234375,3056.050048828125,3100.0,6623955.0
2025-04-08,HDFCBANK.NS,1769.1500244140625,1782.0,1750.300048828125,1765.0,17781936.0
2025-04-08,INFY.NS,1428.800048828125,1456.5,1415.0,1431.0,12805001.0
2025-04-08,RELIANCE.NS,1182.199951171875,1196.5999755859375,1163.300048828125,1172.0,19555040.0
2025-04-08,TCS.NS,3292.949951171875,3349.0,3255.300048828125,3302.050048828125,5557558.0
2025-04-09,HDFCBANK.NS,1765.0,1775.0,1753.5,1765.0,11227304.0
2025-04-09,INFY.NS,1403.699951171875,1409.449951171875,1381.9000244140625,1405.050048828125,8546854.0
2025-04-09,RELIANCE.NS,1185.3499755859375,1189.800048828125,1168.0,1169.5,10223104.0
2025-04-09,TCS.NS,3246.60009765625,3270.0,3212.050048828125,3260.550048828125,2990265.0
2025-04-11,HDFCBANK.NS,1806.75,1819.4000244140625,1774.75,1774.75,16387883.0
2025-04-11,INFY.NS,1409.449951171875,1438.800048828125,1397.050048828125,1411.25,12567440.0
2025-04-11,RELIANCE.NS,1218.949951171875,1222.6500244140625,1195.1500244140625,1195.1500244140625,11224242.0
2025-04-11,TCS.NS,3231.5,3298.949951171875,3206.0,3289.550048828125,7108961.0
2025-04-15,HDFCBANK.NS,1864.9000244140625,1876.800048828125,1855.0,1865.0,24649172.0
2025-04-15,INFY.NS,1426.0,1447.699951171875,1409.0,1445.5999755859375,10178530.0
2025-04-15,RELIANCE.NS,1240.0999755859375,1251.0,1237.0999755859375,1251.0,13378535.0
2025-04-15,TCS.NS,3248.199951171875,3314.39990234375,3238.60009765625,3314.39990234375,3512160.0
2025-04-16,HDFCBANK.NS,1878.0,1883.800048828125,1860.5,1883.800048828125,9568410.0
2025-04-16,INFY.NS,1413.0999755859375,1427.5,1396.800048828125,1425.0,12022740.0
2025-04-16,RELIANCE.NS,1239.300048828125,1240.9000244140625,1229.0,1234.0999755859375,8248464.0
2025-04-16,TCS.NS,3273.800048828125,3278.10009765625,3229.0,3248.199951171875,2384391.0
2025-04-17,HDFCBANK.NS,1906.699951171875,1919.699951171875,1876.699951171875,1882.0,17851542.0
2025-04-17,INFY.NS,1419.5,1429.800048828125,1378.300048828125,1398.0,14264227.0
2025-04-17,RELIANCE.NS,1274.5,1280.199951171875,1227.5999755859375,1240.199951171875,15398401.0
2025-04-17,TCS.NS,3298.89990234375,3303.60009765625,3218.0,3245.5,2932346.0
2025-04-21,HDFCBANK.NS,1927.0999755859375,1950.699951171875,1910.0,1924.0,17123649.0
2025-04-21,INFY.NS,1451.0,1471.800048828125,1410.0,1410.0,15648970.0
2025-04-21,RELIANCE.NS,1295.5,1300.9000244140625,1267.0,1270.0,10429964.0
2025-04-21,TCS.NS,3321.60009765625,3354.0,3284.10009765625,3290.10009765625,2432946.0
2025-04-22,HDFCBANK.NS,1961.699951171875,1970.5999755859375,1935.0,1935.0,22980875.0
2025-04-22,INFY.NS,1422.800048828125,1440.0,1419.300048828125,1440.0,9399738.0
2025-04-22,RELIANCE.NS,1291.199951171875,1303.9000244140625,1286.300048828125,1300.0,13051707.0
2025-04-22,TCS.NS,3314.39990234375,3333.89990234375,3295.0,3322.60009765625,2710498.0
2025-04-23,HDFCBANK.NS,1923.9000244140625,1978.9000244140625,1920.5,1978.9000244140625,15285321.0
2025-04-23,INFY.NS,1474.9000244140625,1487.800048828125,1439.5999755859375,1446.0,11136642.0
2025-04-23,RELIANCE.NS,1300.0,1306.0,1285.4000244140625,1297.0,10480888.0
2025-04-23,TCS.NS,3413.0,3420.89990234375,3337.300048828125,3365.0,3543923.0
2025-04-24,HDFCBANK.NS,1916.800048828125,1923.9000244140625,1905.0999755859375,1910.0,12965877.0
2025-04-24,INFY.NS,1471.4000244140625,1482.9000244140625,1461.5,1469.9000244140625,7114292.0
2025-04-24,RELIANCE.NS,1301.5999755859375,1304.5,1290.300048828125,1292.4000244140625,10468940.0
2025-04-24,TCS.NS,3401.60009765625,3412.5,3387.699951171875,3401.10009765625,2252175.0
2025-04-25,HDFCBANK.NS,1911.199951171875,1933.0,1891.800048828125,1924.800048828125,9250439.0
2025-04-25,INFY.NS,1480.199951171875,1501.699951171875,1463.5,1475.5,8329979.0
2025-04-25,RELIANCE.NS,1300.4000244140625,1325.199951171875,1288.0999755859375,1303.5,14431012.0
2025-04-25,TCS.NS,3448.0,3477.800048828125,3405.0,3420.0,2742991.0
2025-04-28,HDFCBANK.NS,1920.199951171875,1929.699951171875,1908.4000244140625,1911.199951171875,6960246.0
2025-04-28,INFY.NS,1482.0999755859375,1489.5999755859375,1465.300048828125,1480.199951171875,5886253.0
2025-04-28,RELIANCE.NS,1368.800048828125,1374.5999755859375,1320.199951171875,1340.0,31104496.0
2025-04-28,TCS.NS,3443.5,3457.800048828125,3405.0,3435.0,1593296.0
2025-04-29,HDFCBANK.NS,1908.800048828125,1928.800048828125,1900.199951171875,1918.800048828125,9459154.0
2025-04-29,INFY.NS,1497.5,1509.800048828125,1474.0999755859375,1482.0,8056743.0
2025-04-29,RELIANCE.NS,1399.699951171875,1410.9000244140625,1370.0,1371.0,32538970.0
2025-04-29,TCS.NS,3472.5,3495.0,3430.39990234375,3455.0,1578332.0
